tradition,scenario,arm,level,score
buddhism,BUD-001,A1,0,0.3333
buddhism,BUD-001,A1,1,1.0000
buddhism,BUD-001,A1,2,0.3333
buddhism,BUD-001,A1,3,0.5833
buddhism,BUD-002,A1,0,0.8333
buddhism,BUD-002,A1,1,0.8333
buddhism,BUD-002,A1,2,1.0000
buddhism,BUD-002,A1,3,1.0000
buddhism,BUD-003,A1,0,1.0000
buddhism,BUD-003,A1,1,1.0000
buddhism,BUD-003,A1,2,1.0000
buddhism,BUD-003,A1,3,1.0000
buddhism,BUD-004,A1,0,1.0000
buddhism,BUD-004,A1,1,1.0000
buddhism,BUD-004,A1,2,1.0000
buddhism,BUD-004,A1,3,1.0000
buddhism,BUD-005,A1,0,1.0000
buddhism,BUD-005,A1,1,1.0000
buddhism,BUD-005,A1,2,1.0000
buddhism,BUD-005,A1,3,1.0000
buddhism,BUD-006,A1,0,0.6667
buddhism,BUD-006,A1,1,0.3333
buddhism,BUD-006,A1,2,0.0000
buddhism,BUD-006,A1,3,0.0000
buddhism,BUD-007,A1,0,1.0000
buddhism,BUD-007,A1,1,1.0000
buddhism,BUD-007,A1,2,1.0000
buddhism,BUD-007,A1,3,1.0000
buddhism,BUD-008,A1,0,0.9167
buddhism,BUD-008,A1,1,0.9167
buddhism,BUD-008,A1,2,1.0000
buddhism,BUD-008,A1,3,1.0000
buddhism,BUD-009,A1,0,1.0000
buddhism,BUD-009,A1,1,1.0000
buddhism,BUD-009,A1,2,1.0000
buddhism,BUD-009,A1,3,1.0000
buddhism,BUD-010,A1,0,1.0000
buddhism,BUD-010,A1,1,1.0000
buddhism,BUD-010,A1,2,1.0000
buddhism,BUD-010,A1,3,1.0000
buddhism,BUD-011,A1,0,1.0000
buddhism,BUD-011,A1,1,1.0000
buddhism,BUD-011,A1,2,1.0000
buddhism,BUD-011,A1,3,1.0000
buddhism,BUD-012,A1,0,1.0000
buddhism,BUD-012,A1,1,0.6667
buddhism,BUD-012,A1,2,1.0000
buddhism,BUD-012,A1,3,1.0000
buddhism,BUD-013,A1,0,0.0000
buddhism,BUD-013,A1,1,0.0000
buddhism,BUD-013,A1,2,-0.3333
buddhism,BUD-013,A1,3,0.0000
buddhism,BUD-014,A1,0,0.3333
buddhism,BUD-014,A1,1,0.3333
buddhism,BUD-014,A1,2,0.0000
buddhism,BUD-014,A1,3,0.0000
buddhism,BUD-015,A1,0,1.0000
buddhism,BUD-015,A1,1,1.0000
buddhism,BUD-015,A1,2,1.0000
buddhism,BUD-015,A1,3,1.0000
buddhism,BUD-016,A1,0,0.6667
buddhism,BUD-016,A1,1,0.3333
buddhism,BUD-016,A1,2,0.6667
buddhism,BUD-016,A1,3,0.6667
buddhism,BUD-017,A1,0,1.0000
buddhism,BUD-017,A1,1,1.0000
buddhism,BUD-017,A1,2,1.0000
buddhism,BUD-017,A1,3,1.0000
buddhism,BUD-018,A1,0,0.6667
buddhism,BUD-018,A1,1,0.6667
buddhism,BUD-018,A1,2,0.6667
buddhism,BUD-018,A1,3,0.6667
buddhism,BUD-019,A1,0,0.5833
buddhism,BUD-019,A1,1,0.6667
buddhism,BUD-019,A1,2,0.6667
buddhism,BUD-019,A1,3,1.0000
buddhism,BUD-020,A1,0,1.0000
buddhism,BUD-020,A1,1,1.0000
buddhism,BUD-020,A1,2,1.0000
buddhism,BUD-020,A1,3,1.0000
buddhism,BUD-021,A1,0,1.0000
buddhism,BUD-021,A1,1,1.0000
buddhism,BUD-021,A1,2,1.0000
buddhism,BUD-021,A1,3,1.0000
buddhism,BUD-022,A1,0,1.0000
buddhism,BUD-022,A1,1,1.0000
buddhism,BUD-022,A1,2,1.0000
buddhism,BUD-022,A1,3,1.0000
buddhism,BUD-023,A1,0,0.6667
buddhism,BUD-023,A1,1,0.6667
buddhism,BUD-023,A1,2,0.6667
buddhism,BUD-023,A1,3,0.5833
buddhism,BUD-024,A1,0,1.0000
buddhism,BUD-024,A1,1,1.0000
buddhism,BUD-024,A1,2,1.0000
buddhism,BUD-024,A1,3,1.0000
buddhism,BUD-025,A1,0,1.0000
buddhism,BUD-025,A1,1,1.0000
buddhism,BUD-025,A1,2,1.0000
buddhism,BUD-025,A1,3,1.0000
buddhism,BUD-026,A1,0,0.0000
buddhism,BUD-026,A1,1,0.0000
buddhism,BUD-026,A1,2,0.0000
buddhism,BUD-026,A1,3,0.0000
buddhism,BUD-027,A1,0,1.0000
buddhism,BUD-027,A1,1,0.9167
buddhism,BUD-027,A1,2,1.0000
buddhism,BUD-027,A1,3,1.0000
buddhism,BUD-028,A1,0,1.0000
buddhism,BUD-028,A1,1,1.0000
buddhism,BUD-028,A1,2,1.0000
buddhism,BUD-028,A1,3,1.0000
buddhism,BUD-029,A1,0,1.0000
buddhism,BUD-029,A1,1,1.0000
buddhism,BUD-029,A1,2,1.0000
buddhism,BUD-029,A1,3,1.0000
buddhism,BUD-030,A1,0,1.0000
buddhism,BUD-030,A1,1,1.0000
buddhism,BUD-030,A1,2,1.0000
buddhism,BUD-030,A1,3,1.0000
buddhism,BUD-031,A1,0,0.3333
buddhism,BUD-031,A1,1,0.3333
buddhism,BUD-031,A1,2,0.3333
buddhism,BUD-031,A1,3,0.3333
buddhism,BUD-032,A1,0,1.0000
buddhism,BUD-032,A1,1,1.0000
buddhism,BUD-032,A1,2,1.0000
buddhism,BUD-032,A1,3,1.0000
buddhism,BUD-033,A1,0,1.0000
buddhism,BUD-033,A1,1,1.0000
buddhism,BUD-033,A1,2,1.0000
buddhism,BUD-033,A1,3,1.0000
buddhism,BUD-034,A1,0,0.5833
buddhism,BUD-034,A1,1,0.5833
buddhism,BUD-034,A1,2,0.4167
buddhism,BUD-034,A1,3,0.6667
buddhism,BUD-035,A1,0,1.0000
buddhism,BUD-035,A1,1,1.0000
buddhism,BUD-035,A1,2,1.0000
buddhism,BUD-035,A1,3,1.0000
buddhism,BUD-036,A1,0,0.0000
buddhism,BUD-036,A1,1,-0.4167
buddhism,BUD-036,A1,2,-0.0833
buddhism,BUD-036,A1,3,0.1667
buddhism,BUD-037,A1,0,1.0000
buddhism,BUD-037,A1,1,1.0000
buddhism,BUD-037,A1,2,1.0000
buddhism,BUD-037,A1,3,1.0000
buddhism,BUD-038,A1,0,1.0000
buddhism,BUD-038,A1,1,1.0000
buddhism,BUD-038,A1,2,1.0000
buddhism,BUD-038,A1,3,0.9167
buddhism,BUD-039,A1,0,0.9167
buddhism,BUD-039,A1,1,1.0000
buddhism,BUD-039,A1,2,0.9167
buddhism,BUD-039,A1,3,0.9167
buddhism,BUD-040,A1,0,1.0000
buddhism,BUD-040,A1,1,1.0000
buddhism,BUD-040,A1,2,0.9167
buddhism,BUD-040,A1,3,0.9167
buddhism,BUD-041,A1,0,1.0000
buddhism,BUD-041,A1,1,1.0000
buddhism,BUD-041,A1,2,1.0000
buddhism,BUD-041,A1,3,1.0000
buddhism,BUD-042,A1,0,1.0000
buddhism,BUD-042,A1,1,1.0000
buddhism,BUD-042,A1,2,1.0000
buddhism,BUD-042,A1,3,1.0000
buddhism,BUD-043,A1,0,0.6667
buddhism,BUD-043,A1,1,0.5000
buddhism,BUD-043,A1,2,0.6667
buddhism,BUD-043,A1,3,0.5833
buddhism,BUD-044,A1,0,0.6667
buddhism,BUD-044,A1,1,0.4167
buddhism,BUD-044,A1,2,0.4167
buddhism,BUD-044,A1,3,0.1667
buddhism,BUD-045,A1,0,1.0000
buddhism,BUD-045,A1,1,1.0000
buddhism,BUD-045,A1,2,1.0000
buddhism,BUD-045,A1,3,1.0000
buddhism,BUD-046,A1,0,1.0000
buddhism,BUD-046,A1,1,1.0000
buddhism,BUD-046,A1,2,0.3333
buddhism,BUD-046,A1,3,1.0000
buddhism,BUD-047,A1,0,0.8333
buddhism,BUD-047,A1,1,0.7500
buddhism,BUD-047,A1,2,0.6667
buddhism,BUD-047,A1,3,0.8333
buddhism,BUD-048,A1,0,1.0000
buddhism,BUD-048,A1,1,1.0000
buddhism,BUD-048,A1,2,0.7500
buddhism,BUD-048,A1,3,1.0000
buddhism,BUD-049,A1,0,0.6667
buddhism,BUD-049,A1,1,0.9167
buddhism,BUD-049,A1,2,0.9167
buddhism,BUD-049,A1,3,1.0000
buddhism,BUD-050,A1,0,1.0000
buddhism,BUD-050,A1,1,1.0000
buddhism,BUD-050,A1,2,1.0000
buddhism,BUD-050,A1,3,0.9167
buddhism,BUD-051,A1,0,0.7500
buddhism,BUD-051,A1,1,0.7500
buddhism,BUD-051,A1,2,0.7500
buddhism,BUD-051,A1,3,1.0000
buddhism,BUD-052,A1,0,0.3333
buddhism,BUD-052,A1,1,0.3333
buddhism,BUD-052,A1,2,0.6667
buddhism,BUD-052,A1,3,0.6667
eastern-christianity,BZ-001,A1,0,1.0000
eastern-christianity,BZ-001,A1,1,1.0000
eastern-christianity,BZ-001,A1,2,1.0000
eastern-christianity,BZ-001,A1,3,1.0000
eastern-christianity,BZ-002,A1,0,1.0000
eastern-christianity,BZ-002,A1,1,1.0000
eastern-christianity,BZ-002,A1,2,1.0000
eastern-christianity,BZ-002,A1,3,0.6667
eastern-christianity,BZ-003,A1,0,1.0000
eastern-christianity,BZ-003,A1,1,1.0000
eastern-christianity,BZ-003,A1,2,1.0000
eastern-christianity,BZ-003,A1,3,1.0000
eastern-christianity,BZ-004,A1,0,1.0000
eastern-christianity,BZ-004,A1,1,1.0000
eastern-christianity,BZ-004,A1,2,-1.0000
eastern-christianity,BZ-004,A1,3,-1.0000
eastern-christianity,BZ-005,A1,0,0.3333
eastern-christianity,BZ-005,A1,1,0.9167
eastern-christianity,BZ-005,A1,2,0.9167
eastern-christianity,BZ-005,A1,3,0.9167
eastern-christianity,BZ-006,A1,0,1.0000
eastern-christianity,BZ-006,A1,1,1.0000
eastern-christianity,BZ-006,A1,2,0.6667
eastern-christianity,BZ-006,A1,3,1.0000
eastern-christianity,BZ-007,A1,0,0.6667
eastern-christianity,BZ-007,A1,1,0.3333
eastern-christianity,BZ-007,A1,2,0.3333
eastern-christianity,BZ-007,A1,3,0.3333
eastern-christianity,BZ-008,A1,0,1.0000
eastern-christianity,BZ-008,A1,1,1.0000
eastern-christianity,BZ-008,A1,2,1.0000
eastern-christianity,BZ-008,A1,3,1.0000
eastern-christianity,BZ-009,A1,0,1.0000
eastern-christianity,BZ-009,A1,1,1.0000
eastern-christianity,BZ-009,A1,2,1.0000
eastern-christianity,BZ-009,A1,3,1.0000
eastern-christianity,BZ-010,A1,0,1.0000
eastern-christianity,BZ-010,A1,1,1.0000
eastern-christianity,BZ-010,A1,2,1.0000
eastern-christianity,BZ-010,A1,3,1.0000
eastern-christianity,BZ-011,A1,0,1.0000
eastern-christianity,BZ-011,A1,1,1.0000
eastern-christianity,BZ-011,A1,2,1.0000
eastern-christianity,BZ-011,A1,3,1.0000
eastern-christianity,BZ-012,A1,0,1.0000
eastern-christianity,BZ-012,A1,1,1.0000
eastern-christianity,BZ-012,A1,2,1.0000
eastern-christianity,BZ-012,A1,3,1.0000
eastern-christianity,BZ-013,A1,0,1.0000
eastern-christianity,BZ-013,A1,1,1.0000
eastern-christianity,BZ-013,A1,2,1.0000
eastern-christianity,BZ-013,A1,3,1.0000
eastern-christianity,BZ-014,A1,0,1.0000
eastern-christianity,BZ-014,A1,1,1.0000
eastern-christianity,BZ-014,A1,2,1.0000
eastern-christianity,BZ-014,A1,3,1.0000
eastern-christianity,BZ-015,A1,0,1.0000
eastern-christianity,BZ-015,A1,1,1.0000
eastern-christianity,BZ-015,A1,2,1.0000
eastern-christianity,BZ-015,A1,3,0.6667
eastern-christianity,BZ-016,A1,0,1.0000
eastern-christianity,BZ-016,A1,1,1.0000
eastern-christianity,BZ-016,A1,2,1.0000
eastern-christianity,BZ-016,A1,3,1.0000
eastern-christianity,BZ-017,A1,0,1.0000
eastern-christianity,BZ-017,A1,1,1.0000
eastern-christianity,BZ-017,A1,2,1.0000
eastern-christianity,BZ-017,A1,3,1.0000
eastern-christianity,BZ-018,A1,0,0.6667
eastern-christianity,BZ-018,A1,1,1.0000
eastern-christianity,BZ-018,A1,2,0.6667
eastern-christianity,BZ-018,A1,3,1.0000
eastern-christianity,BZ-019,A1,0,1.0000
eastern-christianity,BZ-019,A1,1,1.0000
eastern-christianity,BZ-019,A1,2,1.0000
eastern-christianity,BZ-019,A1,3,1.0000
eastern-christianity,BZ-020,A1,0,1.0000
eastern-christianity,BZ-020,A1,1,1.0000
eastern-christianity,BZ-020,A1,2,1.0000
eastern-christianity,BZ-020,A1,3,1.0000
eastern-christianity,BZ-021,A1,0,1.0000
eastern-christianity,BZ-021,A1,1,1.0000
eastern-christianity,BZ-021,A1,2,1.0000
eastern-christianity,BZ-021,A1,3,1.0000
eastern-christianity,BZ-022,A1,0,1.0000
eastern-christianity,BZ-022,A1,1,1.0000
eastern-christianity,BZ-022,A1,2,1.0000
eastern-christianity,BZ-022,A1,3,1.0000
eastern-christianity,BZ-023,A1,0,1.0000
eastern-christianity,BZ-023,A1,1,1.0000
eastern-christianity,BZ-023,A1,2,1.0000
eastern-christianity,BZ-023,A1,3,1.0000
eastern-christianity,BZ-024,A1,0,1.0000
eastern-christianity,BZ-024,A1,1,1.0000
eastern-christianity,BZ-024,A1,2,1.0000
eastern-christianity,BZ-024,A1,3,1.0000
eastern-christianity,BZ-025,A1,0,1.0000
eastern-christianity,BZ-025,A1,1,0.3333
eastern-christianity,BZ-025,A1,2,-0.1667
eastern-christianity,BZ-025,A1,3,0.1667
eastern-christianity,BZ-026,A1,0,1.0000
eastern-christianity,BZ-026,A1,1,1.0000
eastern-christianity,BZ-026,A1,2,1.0000
eastern-christianity,BZ-026,A1,3,1.0000
eastern-christianity,BZ-027,A1,0,0.6667
eastern-christianity,BZ-027,A1,1,1.0000
eastern-christianity,BZ-027,A1,2,0.0000
eastern-christianity,BZ-027,A1,3,0.3333
eastern-christianity,BZ-028,A1,0,1.0000
eastern-christianity,BZ-028,A1,1,1.0000
eastern-christianity,BZ-028,A1,2,1.0000
eastern-christianity,BZ-028,A1,3,0.6667
eastern-christianity,BZ-029,A1,0,1.0000
eastern-christianity,BZ-029,A1,1,1.0000
eastern-christianity,BZ-029,A1,2,1.0000
eastern-christianity,BZ-029,A1,3,1.0000
eastern-christianity,BZ-030,A1,0,1.0000
eastern-christianity,BZ-030,A1,1,1.0000
eastern-christianity,BZ-030,A1,2,1.0000
eastern-christianity,BZ-030,A1,3,1.0000
eastern-christianity,BZ-031,A1,0,1.0000
eastern-christianity,BZ-031,A1,1,1.0000
eastern-christianity,BZ-031,A1,2,1.0000
eastern-christianity,BZ-031,A1,3,1.0000
eastern-christianity,BZ-032,A1,0,1.0000
eastern-christianity,BZ-032,A1,1,0.6667
eastern-christianity,BZ-032,A1,2,0.6667
eastern-christianity,BZ-032,A1,3,0.3333
eastern-christianity,BZ-033,A1,0,0.6667
eastern-christianity,BZ-033,A1,1,0.6667
eastern-christianity,BZ-033,A1,2,0.0000
eastern-christianity,BZ-033,A1,3,0.3333
eastern-christianity,BZ-034,A1,0,0.3333
eastern-christianity,BZ-034,A1,1,0.6667
eastern-christianity,BZ-034,A1,2,1.0000
eastern-christianity,BZ-034,A1,3,0.6667
eastern-christianity,BZ-035,A1,0,0.3333
eastern-christianity,BZ-035,A1,1,0.0833
eastern-christianity,BZ-035,A1,2,0.3333
eastern-christianity,BZ-035,A1,3,0.0000
eastern-christianity,BZ-036,A1,0,0.6667
eastern-christianity,BZ-036,A1,1,0.3333
eastern-christianity,BZ-036,A1,2,0.3333
eastern-christianity,BZ-036,A1,3,0.3333
eastern-christianity,BZ-037,A1,0,1.0000
eastern-christianity,BZ-037,A1,1,1.0000
eastern-christianity,BZ-037,A1,2,1.0000
eastern-christianity,BZ-037,A1,3,1.0000
eastern-christianity,BZ-038,A1,0,1.0000
eastern-christianity,BZ-038,A1,1,1.0000
eastern-christianity,BZ-038,A1,2,1.0000
eastern-christianity,BZ-038,A1,3,1.0000
eastern-christianity,BZ-039,A1,0,1.0000
eastern-christianity,BZ-039,A1,1,0.6667
eastern-christianity,BZ-039,A1,2,0.6667
eastern-christianity,BZ-039,A1,3,0.6667
eastern-christianity,BZ-040,A1,0,0.3333
eastern-christianity,BZ-040,A1,1,1.0000
eastern-christianity,BZ-040,A1,2,0.3333
eastern-christianity,BZ-040,A1,3,0.6667
eastern-christianity,BZ-041,A1,0,0.6667
eastern-christianity,BZ-041,A1,1,0.6667
eastern-christianity,BZ-041,A1,2,0.3333
eastern-christianity,BZ-041,A1,3,0.6667
eastern-christianity,BZ-042,A1,0,1.0000
eastern-christianity,BZ-042,A1,1,1.0000
eastern-christianity,BZ-042,A1,2,1.0000
eastern-christianity,BZ-042,A1,3,1.0000
eastern-christianity,BZ-043,A1,0,1.0000
eastern-christianity,BZ-043,A1,1,1.0000
eastern-christianity,BZ-043,A1,2,1.0000
eastern-christianity,BZ-043,A1,3,1.0000
eastern-christianity,BZ-044,A1,0,1.0000
eastern-christianity,BZ-044,A1,1,1.0000
eastern-christianity,BZ-044,A1,2,1.0000
eastern-christianity,BZ-044,A1,3,1.0000
eastern-christianity,BZ-045,A1,0,1.0000
eastern-christianity,BZ-045,A1,1,1.0000
eastern-christianity,BZ-045,A1,2,1.0000
eastern-christianity,BZ-045,A1,3,1.0000
eastern-christianity,BZ-046,A1,0,1.0000
eastern-christianity,BZ-046,A1,1,1.0000
eastern-christianity,BZ-046,A1,2,1.0000
eastern-christianity,BZ-046,A1,3,1.0000
eastern-christianity,BZ-047,A1,0,1.0000
eastern-christianity,BZ-047,A1,1,1.0000
eastern-christianity,BZ-047,A1,2,0.6667
eastern-christianity,BZ-047,A1,3,1.0000
eastern-christianity,BZ-048,A1,0,1.0000
eastern-christianity,BZ-048,A1,1,1.0000
eastern-christianity,BZ-048,A1,2,1.0000
eastern-christianity,BZ-048,A1,3,1.0000
eastern-christianity,BZ-049,A1,0,1.0000
eastern-christianity,BZ-049,A1,1,1.0000
eastern-christianity,BZ-049,A1,2,1.0000
eastern-christianity,BZ-049,A1,3,1.0000
eastern-christianity,BZ-050,A1,0,0.4167
eastern-christianity,BZ-050,A1,1,0.9167
eastern-christianity,BZ-050,A1,2,0.1667
eastern-christianity,BZ-050,A1,3,0.5833
eastern-christianity,BZ-051,A1,0,1.0000
eastern-christianity,BZ-051,A1,1,1.0000
eastern-christianity,BZ-051,A1,2,1.0000
eastern-christianity,BZ-051,A1,3,1.0000
eastern-christianity,BZ-052,A1,0,1.0000
eastern-christianity,BZ-052,A1,1,1.0000
eastern-christianity,BZ-052,A1,2,1.0000
eastern-christianity,BZ-052,A1,3,1.0000
eastern-christianity,BZ-053,A1,0,1.0000
eastern-christianity,BZ-053,A1,1,1.0000
eastern-christianity,BZ-053,A1,2,1.0000
eastern-christianity,BZ-053,A1,3,1.0000
eastern-christianity,BZ-054,A1,0,1.0000
eastern-christianity,BZ-054,A1,1,1.0000
eastern-christianity,BZ-054,A1,2,1.0000
eastern-christianity,BZ-054,A1,3,1.0000
eastern-christianity,BZ-055,A1,0,1.0000
eastern-christianity,BZ-055,A1,1,1.0000
eastern-christianity,BZ-055,A1,2,0.6667
eastern-christianity,BZ-055,A1,3,0.6667
eastern-christianity,BZ-056,A1,0,0.9167
eastern-christianity,BZ-056,A1,1,1.0000
eastern-christianity,BZ-056,A1,2,0.6667
eastern-christianity,BZ-056,A1,3,1.0000
eastern-christianity,BZ-057,A1,0,1.0000
eastern-christianity,BZ-057,A1,1,1.0000
eastern-christianity,BZ-057,A1,2,1.0000
eastern-christianity,BZ-057,A1,3,1.0000
eastern-christianity,BZ-058,A1,0,1.0000
eastern-christianity,BZ-058,A1,1,1.0000
eastern-christianity,BZ-058,A1,2,1.0000
eastern-christianity,BZ-058,A1,3,1.0000
eastern-christianity,BZ-059,A1,0,1.0000
eastern-christianity,BZ-059,A1,1,1.0000
eastern-christianity,BZ-059,A1,2,1.0000
eastern-christianity,BZ-059,A1,3,1.0000
eastern-christianity,BZ-060,A1,0,1.0000
eastern-christianity,BZ-060,A1,1,1.0000
eastern-christianity,BZ-060,A1,2,1.0000
eastern-christianity,BZ-060,A1,3,1.0000
eastern-christianity,BZ-061,A1,0,1.0000
eastern-christianity,BZ-061,A1,1,1.0000
eastern-christianity,BZ-061,A1,2,1.0000
eastern-christianity,BZ-061,A1,3,1.0000
eastern-christianity,BZ-062,A1,0,1.0000
eastern-christianity,BZ-062,A1,1,1.0000
eastern-christianity,BZ-062,A1,2,1.0000
eastern-christianity,BZ-062,A1,3,1.0000
eastern-christianity,BZ-063,A1,0,1.0000
eastern-christianity,BZ-063,A1,1,1.0000
eastern-christianity,BZ-063,A1,2,1.0000
eastern-christianity,BZ-063,A1,3,1.0000
eastern-christianity,BZ-064,A1,0,1.0000
eastern-christianity,BZ-064,A1,1,1.0000
eastern-christianity,BZ-064,A1,2,1.0000
eastern-christianity,BZ-064,A1,3,1.0000
eastern-christianity,BZ-065,A1,0,1.0000
eastern-christianity,BZ-065,A1,1,1.0000
eastern-christianity,BZ-065,A1,2,1.0000
eastern-christianity,BZ-065,A1,3,1.0000
eastern-christianity,BZ-066,A1,0,0.6667
eastern-christianity,BZ-066,A1,1,1.0000
eastern-christianity,BZ-066,A1,2,0.3333
eastern-christianity,BZ-066,A1,3,0.6667
eastern-christianity,BZ-067,A1,0,1.0000
eastern-christianity,BZ-067,A1,1,1.0000
eastern-christianity,BZ-067,A1,2,1.0000
eastern-christianity,BZ-067,A1,3,1.0000
eastern-christianity,BZ-068,A1,0,1.0000
eastern-christianity,BZ-068,A1,1,1.0000
eastern-christianity,BZ-068,A1,2,1.0000
eastern-christianity,BZ-068,A1,3,1.0000
eastern-christianity,BZ-069,A1,0,1.0000
eastern-christianity,BZ-069,A1,1,1.0000
eastern-christianity,BZ-069,A1,2,1.0000
eastern-christianity,BZ-069,A1,3,1.0000
eastern-christianity,BZ-070,A1,0,1.0000
eastern-christianity,BZ-070,A1,1,1.0000
eastern-christianity,BZ-070,A1,2,1.0000
eastern-christianity,BZ-070,A1,3,1.0000
eastern-christianity,BZ-071,A1,0,1.0000
eastern-christianity,BZ-071,A1,1,1.0000
eastern-christianity,BZ-071,A1,2,1.0000
eastern-christianity,BZ-071,A1,3,1.0000
eastern-christianity,BZ-072,A1,0,1.0000
eastern-christianity,BZ-072,A1,1,1.0000
eastern-christianity,BZ-072,A1,2,1.0000
eastern-christianity,BZ-072,A1,3,1.0000
eastern-christianity,BZ-073,A1,0,1.0000
eastern-christianity,BZ-073,A1,1,1.0000
eastern-christianity,BZ-073,A1,2,1.0000
eastern-christianity,BZ-073,A1,3,1.0000
eastern-christianity,BZ-074,A1,0,1.0000
eastern-christianity,BZ-074,A1,1,1.0000
eastern-christianity,BZ-074,A1,2,0.6667
eastern-christianity,BZ-074,A1,3,1.0000
eastern-christianity,BZ-075,A1,0,1.0000
eastern-christianity,BZ-075,A1,1,1.0000
eastern-christianity,BZ-075,A1,2,1.0000
eastern-christianity,BZ-075,A1,3,1.0000
eastern-christianity,BZ-076,A1,0,0.6667
eastern-christianity,BZ-076,A1,1,1.0000
eastern-christianity,BZ-076,A1,2,0.3333
eastern-christianity,BZ-076,A1,3,0.6667
eastern-christianity,BZ-077,A1,0,1.0000
eastern-christianity,BZ-077,A1,1,1.0000
eastern-christianity,BZ-077,A1,2,1.0000
eastern-christianity,BZ-077,A1,3,1.0000
eastern-christianity,BZ-078,A1,0,1.0000
eastern-christianity,BZ-078,A1,1,1.0000
eastern-christianity,BZ-078,A1,2,1.0000
eastern-christianity,BZ-078,A1,3,1.0000
eastern-christianity,BZ-079,A1,0,1.0000
eastern-christianity,BZ-079,A1,1,1.0000
eastern-christianity,BZ-079,A1,2,1.0000
eastern-christianity,BZ-079,A1,3,1.0000
eastern-christianity,BZ-080,A1,0,1.0000
eastern-christianity,BZ-080,A1,1,1.0000
eastern-christianity,BZ-080,A1,2,1.0000
eastern-christianity,BZ-080,A1,3,0.9167
eastern-christianity,BZ-081,A1,0,1.0000
eastern-christianity,BZ-081,A1,1,0.8333
eastern-christianity,BZ-081,A1,2,0.7500
eastern-christianity,BZ-081,A1,3,0.8333
eastern-christianity,BZ-082,A1,0,1.0000
eastern-christianity,BZ-082,A1,1,1.0000
eastern-christianity,BZ-082,A1,2,1.0000
eastern-christianity,BZ-082,A1,3,1.0000
eastern-christianity,BZ-083,A1,0,1.0000
eastern-christianity,BZ-083,A1,1,1.0000
eastern-christianity,BZ-083,A1,2,1.0000
eastern-christianity,BZ-083,A1,3,1.0000
eastern-christianity,BZ-084,A1,0,1.0000
eastern-christianity,BZ-084,A1,1,1.0000
eastern-christianity,BZ-084,A1,2,1.0000
eastern-christianity,BZ-084,A1,3,1.0000
eastern-christianity,BZ-085,A1,0,0.6667
eastern-christianity,BZ-085,A1,1,0.6667
eastern-christianity,BZ-085,A1,2,0.6667
eastern-christianity,BZ-085,A1,3,0.3333
eastern-christianity,BZ-086,A1,0,1.0000
eastern-christianity,BZ-086,A1,1,1.0000
eastern-christianity,BZ-086,A1,2,1.0000
eastern-christianity,BZ-086,A1,3,1.0000
eastern-christianity,BZ-087,A1,0,1.0000
eastern-christianity,BZ-087,A1,1,1.0000
eastern-christianity,BZ-087,A1,2,1.0000
eastern-christianity,BZ-087,A1,3,1.0000
eastern-christianity,BZ-088,A1,0,1.0000
eastern-christianity,BZ-088,A1,1,1.0000
eastern-christianity,BZ-088,A1,2,1.0000
eastern-christianity,BZ-088,A1,3,1.0000
eastern-christianity,BZ-089,A1,0,1.0000
eastern-christianity,BZ-089,A1,1,1.0000
eastern-christianity,BZ-089,A1,2,1.0000
eastern-christianity,BZ-089,A1,3,1.0000
eastern-christianity,BZ-090,A1,0,0.6667
eastern-christianity,BZ-090,A1,1,0.6667
eastern-christianity,BZ-090,A1,2,0.6667
eastern-christianity,BZ-090,A1,3,0.6667
eastern-christianity,BZ-091,A1,0,1.0000
eastern-christianity,BZ-091,A1,1,1.0000
eastern-christianity,BZ-091,A1,2,1.0000
eastern-christianity,BZ-091,A1,3,1.0000
eastern-christianity,BZ-092,A1,0,1.0000
eastern-christianity,BZ-092,A1,1,1.0000
eastern-christianity,BZ-092,A1,2,1.0000
eastern-christianity,BZ-092,A1,3,1.0000
eastern-christianity,BZ-093,A1,0,0.3333
eastern-christianity,BZ-093,A1,1,0.6667
eastern-christianity,BZ-093,A1,2,0.6667
eastern-christianity,BZ-093,A1,3,0.3333
eastern-christianity,BZ-094,A1,0,1.0000
eastern-christianity,BZ-094,A1,1,1.0000
eastern-christianity,BZ-094,A1,2,1.0000
eastern-christianity,BZ-094,A1,3,1.0000
eastern-christianity,BZ-095,A1,0,1.0000
eastern-christianity,BZ-095,A1,1,1.0000
eastern-christianity,BZ-095,A1,2,1.0000
eastern-christianity,BZ-095,A1,3,1.0000
eastern-christianity,BZ-096,A1,0,1.0000
eastern-christianity,BZ-096,A1,1,1.0000
eastern-christianity,BZ-096,A1,2,1.0000
eastern-christianity,BZ-096,A1,3,1.0000
eastern-christianity,BZ-097,A1,0,1.0000
eastern-christianity,BZ-097,A1,1,1.0000
eastern-christianity,BZ-097,A1,2,1.0000
eastern-christianity,BZ-097,A1,3,0.3333
eastern-christianity,BZ-098,A1,0,0.9167
eastern-christianity,BZ-098,A1,1,0.8333
eastern-christianity,BZ-098,A1,2,0.9167
eastern-christianity,BZ-098,A1,3,1.0000
eastern-christianity,BZ-099,A1,0,1.0000
eastern-christianity,BZ-099,A1,1,1.0000
eastern-christianity,BZ-099,A1,2,1.0000
eastern-christianity,BZ-099,A1,3,1.0000
eastern-christianity,BZ-100,A1,0,0.0833
eastern-christianity,BZ-100,A1,1,0.3333
eastern-christianity,BZ-100,A1,2,0.3333
eastern-christianity,BZ-100,A1,3,0.0000
eastern-christianity,BZ-101,A1,0,1.0000
eastern-christianity,BZ-101,A1,1,1.0000
eastern-christianity,BZ-101,A1,2,1.0000
eastern-christianity,BZ-101,A1,3,1.0000
eastern-christianity,BZ-102,A1,0,1.0000
eastern-christianity,BZ-102,A1,1,1.0000
eastern-christianity,BZ-102,A1,2,1.0000
eastern-christianity,BZ-102,A1,3,1.0000
eastern-christianity,BZ-103,A1,0,1.0000
eastern-christianity,BZ-103,A1,1,1.0000
eastern-christianity,BZ-103,A1,2,1.0000
eastern-christianity,BZ-103,A1,3,1.0000
eastern-christianity,BZ-104,A1,0,1.0000
eastern-christianity,BZ-104,A1,1,1.0000
eastern-christianity,BZ-104,A1,2,1.0000
eastern-christianity,BZ-104,A1,3,1.0000
eastern-christianity,BZ-105,A1,0,1.0000
eastern-christianity,BZ-105,A1,1,1.0000
eastern-christianity,BZ-105,A1,2,1.0000
eastern-christianity,BZ-105,A1,3,1.0000
eastern-christianity,BZ-106,A1,0,1.0000
eastern-christianity,BZ-106,A1,1,1.0000
eastern-christianity,BZ-106,A1,2,1.0000
eastern-christianity,BZ-106,A1,3,1.0000
roman-catholicism,COR-001,A1,0,1.0000
roman-catholicism,COR-001,A1,1,1.0000
roman-catholicism,COR-001,A1,2,1.0000
roman-catholicism,COR-001,A1,3,1.0000
roman-catholicism,COR-002,A1,0,-0.1667
roman-catholicism,COR-002,A1,1,-0.2500
roman-catholicism,COR-002,A1,2,-1.0000
roman-catholicism,COR-002,A1,3,-0.3333
roman-catholicism,COR-003,A1,0,0.6667
roman-catholicism,COR-003,A1,1,1.0000
roman-catholicism,COR-003,A1,2,0.3333
roman-catholicism,COR-003,A1,3,0.3333
roman-catholicism,COR-004,A1,0,0.6667
roman-catholicism,COR-004,A1,1,0.6667
roman-catholicism,COR-004,A1,2,0.6667
roman-catholicism,COR-004,A1,3,0.6667
roman-catholicism,COR-005,A1,0,1.0000
roman-catholicism,COR-005,A1,1,1.0000
roman-catholicism,COR-005,A1,2,1.0000
roman-catholicism,COR-005,A1,3,1.0000
roman-catholicism,COR-006,A1,0,0.0000
roman-catholicism,COR-006,A1,1,-0.5833
roman-catholicism,COR-006,A1,2,-0.3333
roman-catholicism,COR-006,A1,3,-1.0000
roman-catholicism,COR-007,A1,0,0.0000
roman-catholicism,COR-007,A1,1,-0.6667
roman-catholicism,COR-007,A1,2,-1.0000
roman-catholicism,COR-007,A1,3,-1.0000
roman-catholicism,COR-008,A1,0,1.0000
roman-catholicism,COR-008,A1,1,1.0000
roman-catholicism,COR-008,A1,2,1.0000
roman-catholicism,COR-008,A1,3,1.0000
roman-catholicism,COR-009,A1,0,0.3333
roman-catholicism,COR-009,A1,1,0.5833
roman-catholicism,COR-009,A1,2,-0.1667
roman-catholicism,COR-009,A1,3,0.5000
roman-catholicism,COR-010,A1,0,0.6667
roman-catholicism,COR-010,A1,1,0.6667
roman-catholicism,COR-010,A1,2,0.6667
roman-catholicism,COR-010,A1,3,0.5833
roman-catholicism,COR-011,A1,0,1.0000
roman-catholicism,COR-011,A1,1,1.0000
roman-catholicism,COR-011,A1,2,1.0000
roman-catholicism,COR-011,A1,3,1.0000
roman-catholicism,COR-012,A1,0,1.0000
roman-catholicism,COR-012,A1,1,1.0000
roman-catholicism,COR-012,A1,2,1.0000
roman-catholicism,COR-012,A1,3,1.0000
roman-catholicism,COR-013,A1,0,0.6667
roman-catholicism,COR-013,A1,1,0.2500
roman-catholicism,COR-013,A1,2,0.0833
roman-catholicism,COR-013,A1,3,0.4167
roman-catholicism,COR-014,A1,0,1.0000
roman-catholicism,COR-014,A1,1,1.0000
roman-catholicism,COR-014,A1,2,0.5833
roman-catholicism,COR-014,A1,3,0.9167
roman-catholicism,COR-015,A1,0,-0.1667
roman-catholicism,COR-015,A1,1,0.6667
roman-catholicism,COR-015,A1,2,0.5833
roman-catholicism,COR-015,A1,3,0.5000
roman-catholicism,COR-016,A1,0,1.0000
roman-catholicism,COR-016,A1,1,1.0000
roman-catholicism,COR-016,A1,2,1.0000
roman-catholicism,COR-016,A1,3,1.0000
roman-catholicism,COR-017,A1,0,1.0000
roman-catholicism,COR-017,A1,1,1.0000
roman-catholicism,COR-017,A1,2,1.0000
roman-catholicism,COR-017,A1,3,1.0000
roman-catholicism,COR-018,A1,0,1.0000
roman-catholicism,COR-018,A1,1,1.0000
roman-catholicism,COR-018,A1,2,1.0000
roman-catholicism,COR-018,A1,3,1.0000
roman-catholicism,COR-019,A1,0,0.3333
roman-catholicism,COR-019,A1,1,0.3333
roman-catholicism,COR-019,A1,2,-0.1667
roman-catholicism,COR-019,A1,3,0.0000
roman-catholicism,COR-020,A1,0,0.7500
roman-catholicism,COR-020,A1,1,0.8333
roman-catholicism,COR-020,A1,2,0.8333
roman-catholicism,COR-020,A1,3,1.0000
roman-catholicism,COR-021,A1,0,1.0000
roman-catholicism,COR-021,A1,1,1.0000
roman-catholicism,COR-021,A1,2,1.0000
roman-catholicism,COR-021,A1,3,1.0000
roman-catholicism,COR-022,A1,0,-1.0000
roman-catholicism,COR-022,A1,1,-0.7500
roman-catholicism,COR-022,A1,2,-1.0000
roman-catholicism,COR-022,A1,3,-0.9167
roman-catholicism,COR-023,A1,0,0.7500
roman-catholicism,COR-023,A1,1,-0.5833
roman-catholicism,COR-023,A1,2,1.0000
roman-catholicism,COR-023,A1,3,0.3333
roman-catholicism,COR-024,A1,0,0.6667
roman-catholicism,COR-024,A1,1,1.0000
roman-catholicism,COR-024,A1,2,0.6667
roman-catholicism,COR-024,A1,3,1.0000
roman-catholicism,COR-025,A1,0,-0.3333
roman-catholicism,COR-025,A1,1,0.0833
roman-catholicism,COR-025,A1,2,-0.7500
roman-catholicism,COR-025,A1,3,-0.7500
roman-catholicism,COR-026,A1,0,0.3333
roman-catholicism,COR-026,A1,1,-0.3333
roman-catholicism,COR-026,A1,2,-0.6667
roman-catholicism,COR-026,A1,3,0.3333
roman-catholicism,COR-027,A1,0,0.1667
roman-catholicism,COR-027,A1,1,-1.0000
roman-catholicism,COR-027,A1,2,-1.0000
roman-catholicism,COR-027,A1,3,-1.0000
roman-catholicism,COR-028,A1,0,0.3333
roman-catholicism,COR-028,A1,1,0.0000
roman-catholicism,COR-028,A1,2,-0.0833
roman-catholicism,COR-028,A1,3,0.2500
roman-catholicism,COR-029,A1,0,1.0000
roman-catholicism,COR-029,A1,1,1.0000
roman-catholicism,COR-029,A1,2,0.6667
roman-catholicism,COR-029,A1,3,0.6667
roman-catholicism,COR-030,A1,0,0.8333
roman-catholicism,COR-030,A1,1,1.0000
roman-catholicism,COR-030,A1,2,1.0000
roman-catholicism,COR-030,A1,3,1.0000
roman-catholicism,COR-031,A1,0,1.0000
roman-catholicism,COR-031,A1,1,1.0000
roman-catholicism,COR-031,A1,2,1.0000
roman-catholicism,COR-031,A1,3,1.0000
roman-catholicism,COR-032,A1,0,0.0000
roman-catholicism,COR-032,A1,1,-0.1667
roman-catholicism,COR-032,A1,2,0.3333
roman-catholicism,COR-032,A1,3,-0.3333
roman-catholicism,COR-033,A1,0,1.0000
roman-catholicism,COR-033,A1,1,1.0000
roman-catholicism,COR-033,A1,2,1.0000
roman-catholicism,COR-033,A1,3,1.0000
roman-catholicism,COR-034,A1,0,1.0000
roman-catholicism,COR-034,A1,1,1.0000
roman-catholicism,COR-034,A1,2,1.0000
roman-catholicism,COR-034,A1,3,1.0000
roman-catholicism,COR-035,A1,0,0.6667
roman-catholicism,COR-035,A1,1,0.6667
roman-catholicism,COR-035,A1,2,0.6667
roman-catholicism,COR-035,A1,3,0.5833
roman-catholicism,COR-036,A1,0,-1.0000
roman-catholicism,COR-036,A1,1,-1.0000
roman-catholicism,COR-036,A1,2,-1.0000
roman-catholicism,COR-036,A1,3,-1.0000
roman-catholicism,COR-037,A1,0,1.0000
roman-catholicism,COR-037,A1,1,1.0000
roman-catholicism,COR-037,A1,2,1.0000
roman-catholicism,COR-037,A1,3,1.0000
roman-catholicism,COR-038,A1,0,1.0000
roman-catholicism,COR-038,A1,1,0.3333
roman-catholicism,COR-038,A1,2,-0.3333
roman-catholicism,COR-038,A1,3,0.6667
roman-catholicism,COR-039,A1,0,1.0000
roman-catholicism,COR-039,A1,1,1.0000
roman-catholicism,COR-039,A1,2,1.0000
roman-catholicism,COR-039,A1,3,1.0000
roman-catholicism,COR-040,A1,0,0.9167
roman-catholicism,COR-040,A1,1,0.9167
roman-catholicism,COR-040,A1,2,1.0000
roman-catholicism,COR-040,A1,3,0.9167
roman-catholicism,COR-041,A1,0,0.7500
roman-catholicism,COR-041,A1,1,1.0000
roman-catholicism,COR-041,A1,2,0.9167
roman-catholicism,COR-041,A1,3,1.0000
roman-catholicism,COR-042,A1,0,0.2500
roman-catholicism,COR-042,A1,1,0.8333
roman-catholicism,COR-042,A1,2,-0.0833
roman-catholicism,COR-042,A1,3,0.5000
roman-catholicism,COR-043,A1,0,1.0000
roman-catholicism,COR-043,A1,1,0.5000
roman-catholicism,COR-043,A1,2,0.5833
roman-catholicism,COR-043,A1,3,0.5000
roman-catholicism,COR-044,A1,0,0.3333
roman-catholicism,COR-044,A1,1,0.6667
roman-catholicism,COR-044,A1,2,0.6667
roman-catholicism,COR-044,A1,3,0.3333
roman-catholicism,COR-045,A1,0,1.0000
roman-catholicism,COR-045,A1,1,0.9167
roman-catholicism,COR-045,A1,2,1.0000
roman-catholicism,COR-045,A1,3,1.0000
roman-catholicism,COR-046,A1,0,0.6667
roman-catholicism,COR-046,A1,1,0.5000
roman-catholicism,COR-046,A1,2,0.3333
roman-catholicism,COR-046,A1,3,0.6667
roman-catholicism,COR-047,A1,0,0.7500
roman-catholicism,COR-047,A1,1,0.5833
roman-catholicism,COR-047,A1,2,0.8333
roman-catholicism,COR-047,A1,3,0.9167
roman-catholicism,COR-048,A1,0,0.5833
roman-catholicism,COR-048,A1,1,0.3333
roman-catholicism,COR-048,A1,2,0.5833
roman-catholicism,COR-048,A1,3,-0.1667
roman-catholicism,COR-049,A1,0,0.6667
roman-catholicism,COR-049,A1,1,0.6667
roman-catholicism,COR-049,A1,2,0.0000
roman-catholicism,COR-049,A1,3,-0.6667
roman-catholicism,COR-050,A1,0,1.0000
roman-catholicism,COR-050,A1,1,1.0000
roman-catholicism,COR-050,A1,2,1.0000
roman-catholicism,COR-050,A1,3,1.0000
roman-catholicism,COR-051,A1,0,1.0000
roman-catholicism,COR-051,A1,1,1.0000
roman-catholicism,COR-051,A1,2,1.0000
roman-catholicism,COR-051,A1,3,1.0000
roman-catholicism,COR-052,A1,0,1.0000
roman-catholicism,COR-052,A1,1,1.0000
roman-catholicism,COR-052,A1,2,1.0000
roman-catholicism,COR-052,A1,3,0.6667
roman-catholicism,COR-053,A1,0,0.6667
roman-catholicism,COR-053,A1,1,0.6667
roman-catholicism,COR-053,A1,2,0.8333
roman-catholicism,COR-053,A1,3,1.0000
roman-catholicism,COR-054,A1,0,1.0000
roman-catholicism,COR-054,A1,1,1.0000
roman-catholicism,COR-054,A1,2,1.0000
roman-catholicism,COR-054,A1,3,1.0000
roman-catholicism,COR-055,A1,0,0.3333
roman-catholicism,COR-055,A1,1,-0.3333
roman-catholicism,COR-055,A1,2,0.0000
roman-catholicism,COR-055,A1,3,-0.3333
roman-catholicism,COR-056,A1,0,0.8333
roman-catholicism,COR-056,A1,1,0.8333
roman-catholicism,COR-056,A1,2,0.6667
roman-catholicism,COR-056,A1,3,0.8333
roman-catholicism,COR-057,A1,0,1.0000
roman-catholicism,COR-057,A1,1,1.0000
roman-catholicism,COR-057,A1,2,1.0000
roman-catholicism,COR-057,A1,3,1.0000
roman-catholicism,COR-058,A1,0,1.0000
roman-catholicism,COR-058,A1,1,1.0000
roman-catholicism,COR-058,A1,2,1.0000
roman-catholicism,COR-058,A1,3,1.0000
roman-catholicism,COR-059,A1,0,0.8333
roman-catholicism,COR-059,A1,1,0.8333
roman-catholicism,COR-059,A1,2,0.6667
roman-catholicism,COR-059,A1,3,0.8333
roman-catholicism,COR-060,A1,0,0.9167
roman-catholicism,COR-060,A1,1,0.3333
roman-catholicism,COR-060,A1,2,0.4167
roman-catholicism,COR-060,A1,3,0.9167
roman-catholicism,COR-061,A1,0,0.6667
roman-catholicism,COR-061,A1,1,1.0000
roman-catholicism,COR-061,A1,2,1.0000
roman-catholicism,COR-061,A1,3,1.0000
roman-catholicism,COR-062,A1,0,-0.5000
roman-catholicism,COR-062,A1,1,-0.1667
roman-catholicism,COR-062,A1,2,-1.0000
roman-catholicism,COR-062,A1,3,-0.3333
roman-catholicism,COR-063,A1,0,0.3333
roman-catholicism,COR-063,A1,1,0.3333
roman-catholicism,COR-063,A1,2,0.4167
roman-catholicism,COR-063,A1,3,0.3333
roman-catholicism,COR-064,A1,0,0.6667
roman-catholicism,COR-064,A1,1,0.6667
roman-catholicism,COR-064,A1,2,0.9167
roman-catholicism,COR-064,A1,3,0.7500
roman-catholicism,COR-065,A1,0,0.7500
roman-catholicism,COR-065,A1,1,0.8333
roman-catholicism,COR-065,A1,2,0.8333
roman-catholicism,COR-065,A1,3,0.7500
roman-catholicism,COR-066,A1,0,0.1667
roman-catholicism,COR-066,A1,1,0.0833
roman-catholicism,COR-066,A1,2,0.0000
roman-catholicism,COR-066,A1,3,0.0833
roman-catholicism,COR-067,A1,0,1.0000
roman-catholicism,COR-067,A1,1,1.0000
roman-catholicism,COR-067,A1,2,1.0000
roman-catholicism,COR-067,A1,3,1.0000
roman-catholicism,COR-068,A1,0,0.9167
roman-catholicism,COR-068,A1,1,0.7500
roman-catholicism,COR-068,A1,2,0.7500
roman-catholicism,COR-068,A1,3,0.7500
roman-catholicism,COR-069,A1,0,1.0000
roman-catholicism,COR-069,A1,1,1.0000
roman-catholicism,COR-069,A1,2,1.0000
roman-catholicism,COR-069,A1,3,1.0000
roman-catholicism,COR-070,A1,0,1.0000
roman-catholicism,COR-070,A1,1,1.0000
roman-catholicism,COR-070,A1,2,1.0000
roman-catholicism,COR-070,A1,3,1.0000
roman-catholicism,COR-071,A1,0,0.3333
roman-catholicism,COR-071,A1,1,0.0833
roman-catholicism,COR-071,A1,2,0.3333
roman-catholicism,COR-071,A1,3,0.1667
roman-catholicism,COR-072,A1,0,1.0000
roman-catholicism,COR-072,A1,1,0.5000
roman-catholicism,COR-072,A1,2,0.6667
roman-catholicism,COR-072,A1,3,0.3333
roman-catholicism,COR-073,A1,0,0.6667
roman-catholicism,COR-073,A1,1,1.0000
roman-catholicism,COR-073,A1,2,0.6667
roman-catholicism,COR-073,A1,3,0.5833
roman-catholicism,COR-074,A1,0,0.6667
roman-catholicism,COR-074,A1,1,0.6667
roman-catholicism,COR-074,A1,2,0.6667
roman-catholicism,COR-074,A1,3,0.6667
roman-catholicism,COR-075,A1,0,-0.6667
roman-catholicism,COR-075,A1,1,-0.6667
roman-catholicism,COR-075,A1,2,-0.6667
roman-catholicism,COR-075,A1,3,-0.6667
roman-catholicism,COR-076,A1,0,1.0000
roman-catholicism,COR-076,A1,1,0.6667
roman-catholicism,COR-076,A1,2,1.0000
roman-catholicism,COR-076,A1,3,1.0000
sunni-islam,JLS-001,A1,0,1.0000
sunni-islam,JLS-001,A1,1,0.6667
sunni-islam,JLS-001,A1,2,1.0000
sunni-islam,JLS-001,A1,3,1.0000
sunni-islam,JLS-002,A1,0,1.0000
sunni-islam,JLS-002,A1,1,0.9167
sunni-islam,JLS-002,A1,2,0.6667
sunni-islam,JLS-002,A1,3,1.0000
sunni-islam,JLS-003,A1,0,1.0000
sunni-islam,JLS-003,A1,1,1.0000
sunni-islam,JLS-003,A1,2,1.0000
sunni-islam,JLS-003,A1,3,1.0000
sunni-islam,JLS-004,A1,0,1.0000
sunni-islam,JLS-004,A1,1,1.0000
sunni-islam,JLS-004,A1,2,1.0000
sunni-islam,JLS-004,A1,3,1.0000
sunni-islam,JLS-005,A1,0,0.3333
sunni-islam,JLS-005,A1,1,0.6667
sunni-islam,JLS-005,A1,2,-0.1667
sunni-islam,JLS-005,A1,3,-0.3333
sunni-islam,JLS-006,A1,0,-0.6667
sunni-islam,JLS-006,A1,1,-0.9167
sunni-islam,JLS-006,A1,2,-1.0000
sunni-islam,JLS-006,A1,3,-1.0000
sunni-islam,JLS-007,A1,0,1.0000
sunni-islam,JLS-007,A1,1,1.0000
sunni-islam,JLS-007,A1,2,1.0000
sunni-islam,JLS-007,A1,3,1.0000
sunni-islam,JLS-008,A1,0,1.0000
sunni-islam,JLS-008,A1,1,1.0000
sunni-islam,JLS-008,A1,2,1.0000
sunni-islam,JLS-008,A1,3,1.0000
sunni-islam,JLS-009,A1,0,1.0000
sunni-islam,JLS-009,A1,1,1.0000
sunni-islam,JLS-009,A1,2,1.0000
sunni-islam,JLS-009,A1,3,0.9167
sunni-islam,JLS-010,A1,0,1.0000
sunni-islam,JLS-010,A1,1,1.0000
sunni-islam,JLS-010,A1,2,1.0000
sunni-islam,JLS-010,A1,3,1.0000
sunni-islam,JLS-011,A1,0,0.6667
sunni-islam,JLS-011,A1,1,1.0000
sunni-islam,JLS-011,A1,2,0.6667
sunni-islam,JLS-011,A1,3,0.6667
sunni-islam,JLS-012,A1,0,0.6667
sunni-islam,JLS-012,A1,1,0.6667
sunni-islam,JLS-012,A1,2,0.6667
sunni-islam,JLS-012,A1,3,0.6667
sunni-islam,JLS-013,A1,0,1.0000
sunni-islam,JLS-013,A1,1,1.0000
sunni-islam,JLS-013,A1,2,1.0000
sunni-islam,JLS-013,A1,3,0.6667
sunni-islam,JLS-014,A1,0,0.0000
sunni-islam,JLS-014,A1,1,0.0833
sunni-islam,JLS-014,A1,2,-0.2500
sunni-islam,JLS-014,A1,3,0.0000
sunni-islam,JLS-015,A1,0,1.0000
sunni-islam,JLS-015,A1,1,1.0000
sunni-islam,JLS-015,A1,2,1.0000
sunni-islam,JLS-015,A1,3,0.6667
sunni-islam,JLS-016,A1,0,0.0000
sunni-islam,JLS-016,A1,1,-1.0000
sunni-islam,JLS-016,A1,2,-1.0000
sunni-islam,JLS-016,A1,3,-1.0000
sunni-islam,JLS-017,A1,0,0.6667
sunni-islam,JLS-017,A1,1,0.6667
sunni-islam,JLS-017,A1,2,0.6667
sunni-islam,JLS-017,A1,3,0.6667
sunni-islam,JLS-018,A1,0,0.6667
sunni-islam,JLS-018,A1,1,0.3333
sunni-islam,JLS-018,A1,2,-0.3333
sunni-islam,JLS-018,A1,3,0.3333
sunni-islam,JLS-019,A1,0,1.0000
sunni-islam,JLS-019,A1,1,1.0000
sunni-islam,JLS-019,A1,2,1.0000
sunni-islam,JLS-019,A1,3,1.0000
sunni-islam,JLS-020,A1,0,0.3333
sunni-islam,JLS-020,A1,1,0.2500
sunni-islam,JLS-020,A1,2,0.3333
sunni-islam,JLS-020,A1,3,0.3333
sunni-islam,JLS-021,A1,0,1.0000
sunni-islam,JLS-021,A1,1,0.6667
sunni-islam,JLS-021,A1,2,0.6667
sunni-islam,JLS-021,A1,3,1.0000
sunni-islam,JLS-022,A1,0,1.0000
sunni-islam,JLS-022,A1,1,1.0000
sunni-islam,JLS-022,A1,2,1.0000
sunni-islam,JLS-022,A1,3,1.0000
sunni-islam,JLS-023,A1,0,0.6667
sunni-islam,JLS-023,A1,1,0.7500
sunni-islam,JLS-023,A1,2,0.9167
sunni-islam,JLS-023,A1,3,0.6667
sunni-islam,JLS-024,A1,0,-0.3333
sunni-islam,JLS-024,A1,1,0.3333
sunni-islam,JLS-024,A1,2,-0.2500
sunni-islam,JLS-024,A1,3,-0.5833
sunni-islam,JLS-025,A1,0,0.6667
sunni-islam,JLS-025,A1,1,1.0000
sunni-islam,JLS-025,A1,2,0.6667
sunni-islam,JLS-025,A1,3,0.6667
sunni-islam,JLS-026,A1,0,0.0833
sunni-islam,JLS-026,A1,1,0.3333
sunni-islam,JLS-026,A1,2,0.0000
sunni-islam,JLS-026,A1,3,-0.4167
sunni-islam,JLS-027,A1,0,1.0000
sunni-islam,JLS-027,A1,1,1.0000
sunni-islam,JLS-027,A1,2,1.0000
sunni-islam,JLS-027,A1,3,1.0000
sunni-islam,JLS-028,A1,0,0.6667
sunni-islam,JLS-028,A1,1,0.6667
sunni-islam,JLS-028,A1,2,0.6667
sunni-islam,JLS-028,A1,3,0.3333
sunni-islam,JLS-029,A1,0,1.0000
sunni-islam,JLS-029,A1,1,1.0000
sunni-islam,JLS-029,A1,2,1.0000
sunni-islam,JLS-029,A1,3,1.0000
sunni-islam,JLS-030,A1,0,1.0000
sunni-islam,JLS-030,A1,1,1.0000
sunni-islam,JLS-030,A1,2,0.9167
sunni-islam,JLS-030,A1,3,1.0000
sunni-islam,JLS-031,A1,0,1.0000
sunni-islam,JLS-031,A1,1,0.6667
sunni-islam,JLS-031,A1,2,0.4167
sunni-islam,JLS-031,A1,3,0.6667
sunni-islam,JLS-032,A1,0,1.0000
sunni-islam,JLS-032,A1,1,1.0000
sunni-islam,JLS-032,A1,2,1.0000
sunni-islam,JLS-032,A1,3,1.0000
sunni-islam,JLS-033,A1,0,0.6667
sunni-islam,JLS-033,A1,1,1.0000
sunni-islam,JLS-033,A1,2,1.0000
sunni-islam,JLS-033,A1,3,0.6667
sunni-islam,JLS-034,A1,0,0.6667
sunni-islam,JLS-034,A1,1,0.5833
sunni-islam,JLS-034,A1,2,0.5833
sunni-islam,JLS-034,A1,3,0.5000
sunni-islam,JLS-035,A1,0,1.0000
sunni-islam,JLS-035,A1,1,1.0000
sunni-islam,JLS-035,A1,2,1.0000
sunni-islam,JLS-035,A1,3,1.0000
sunni-islam,JLS-036,A1,0,0.2500
sunni-islam,JLS-036,A1,1,0.9167
sunni-islam,JLS-036,A1,2,1.0000
sunni-islam,JLS-036,A1,3,0.0000
sunni-islam,JLS-037,A1,0,0.6667
sunni-islam,JLS-037,A1,1,0.3333
sunni-islam,JLS-037,A1,2,0.6667
sunni-islam,JLS-037,A1,3,0.3333
sunni-islam,JLS-038,A1,0,-0.9167
sunni-islam,JLS-038,A1,1,-0.5833
sunni-islam,JLS-038,A1,2,-0.9167
sunni-islam,JLS-038,A1,3,-0.9167
sunni-islam,JLS-039,A1,0,0.3333
sunni-islam,JLS-039,A1,1,-0.2500
sunni-islam,JLS-039,A1,2,-1.0000
sunni-islam,JLS-039,A1,3,-0.5833
sunni-islam,JLS-040,A1,0,-0.6667
sunni-islam,JLS-040,A1,1,-1.0000
sunni-islam,JLS-040,A1,2,-0.7500
sunni-islam,JLS-040,A1,3,-0.6667
sunni-islam,JLS-041,A1,0,1.0000
sunni-islam,JLS-041,A1,1,0.6667
sunni-islam,JLS-041,A1,2,0.6667
sunni-islam,JLS-041,A1,3,0.6667
sunni-islam,JLS-042,A1,0,1.0000
sunni-islam,JLS-042,A1,1,1.0000
sunni-islam,JLS-042,A1,2,1.0000
sunni-islam,JLS-042,A1,3,1.0000
sunni-islam,JLS-043,A1,0,0.3333
sunni-islam,JLS-043,A1,1,0.3333
sunni-islam,JLS-043,A1,2,-0.3333
sunni-islam,JLS-043,A1,3,0.0000
sunni-islam,JLS-044,A1,0,0.3333
sunni-islam,JLS-044,A1,1,0.0833
sunni-islam,JLS-044,A1,2,0.0000
sunni-islam,JLS-044,A1,3,0.3333
sunni-islam,JLS-045,A1,0,1.0000
sunni-islam,JLS-045,A1,1,0.3333
sunni-islam,JLS-045,A1,2,0.3333
sunni-islam,JLS-045,A1,3,1.0000
sunni-islam,JLS-046,A1,0,0.0000
sunni-islam,JLS-046,A1,1,0.0000
sunni-islam,JLS-046,A1,2,0.3333
sunni-islam,JLS-046,A1,3,-0.6667
sunni-islam,JLS-047,A1,0,1.0000
sunni-islam,JLS-047,A1,1,1.0000
sunni-islam,JLS-047,A1,2,1.0000
sunni-islam,JLS-047,A1,3,1.0000
sunni-islam,JLS-048,A1,0,0.0000
sunni-islam,JLS-048,A1,1,-0.3333
sunni-islam,JLS-048,A1,2,-0.3333
sunni-islam,JLS-048,A1,3,0.3333
sunni-islam,JLS-049,A1,0,1.0000
sunni-islam,JLS-049,A1,1,1.0000
sunni-islam,JLS-049,A1,2,0.6667
sunni-islam,JLS-049,A1,3,1.0000
sunni-islam,JLS-050,A1,0,0.6667
sunni-islam,JLS-050,A1,1,0.3333
sunni-islam,JLS-050,A1,2,0.6667
sunni-islam,JLS-050,A1,3,0.3333
sunni-islam,JLS-051,A1,0,0.4167
sunni-islam,JLS-051,A1,1,0.6667
sunni-islam,JLS-051,A1,2,0.6667
sunni-islam,JLS-051,A1,3,0.3333
sunni-islam,JLS-052,A1,0,0.6667
sunni-islam,JLS-052,A1,1,0.6667
sunni-islam,JLS-052,A1,2,0.6667
sunni-islam,JLS-052,A1,3,0.6667
sunni-islam,JLS-053,A1,0,0.3333
sunni-islam,JLS-053,A1,1,0.0000
sunni-islam,JLS-053,A1,2,0.6667
sunni-islam,JLS-053,A1,3,0.0000
sunni-islam,JLS-054,A1,0,0.6667
sunni-islam,JLS-054,A1,1,1.0000
sunni-islam,JLS-054,A1,2,0.6667
sunni-islam,JLS-054,A1,3,1.0000
sunni-islam,JLS-055,A1,0,0.3333
sunni-islam,JLS-055,A1,1,0.6667
sunni-islam,JLS-055,A1,2,0.3333
sunni-islam,JLS-055,A1,3,0.3333
sunni-islam,JLS-056,A1,0,-0.6667
sunni-islam,JLS-056,A1,1,-0.6667
sunni-islam,JLS-056,A1,2,-1.0000
sunni-islam,JLS-056,A1,3,-0.7500
sunni-islam,JLS-057,A1,0,1.0000
sunni-islam,JLS-057,A1,1,0.8333
sunni-islam,JLS-057,A1,2,0.8333
sunni-islam,JLS-057,A1,3,0.7500
sunni-islam,JLS-058,A1,0,1.0000
sunni-islam,JLS-058,A1,1,0.3333
sunni-islam,JLS-058,A1,2,0.3333
sunni-islam,JLS-058,A1,3,0.6667
sunni-islam,JLS-059,A1,0,-0.2500
sunni-islam,JLS-059,A1,1,0.0000
sunni-islam,JLS-059,A1,2,0.0833
sunni-islam,JLS-059,A1,3,0.0000
sunni-islam,JLS-060,A1,0,1.0000
sunni-islam,JLS-060,A1,1,1.0000
sunni-islam,JLS-060,A1,2,1.0000
sunni-islam,JLS-060,A1,3,0.3333
sunni-islam,JLS-061,A1,0,-1.0000
sunni-islam,JLS-061,A1,1,-0.6667
sunni-islam,JLS-061,A1,2,-1.0000
sunni-islam,JLS-061,A1,3,-0.6667
sunni-islam,JLS-062,A1,0,0.0000
sunni-islam,JLS-062,A1,1,0.2500
sunni-islam,JLS-062,A1,2,-0.3333
sunni-islam,JLS-062,A1,3,0.0000
sunni-islam,JLS-063,A1,0,0.0000
sunni-islam,JLS-063,A1,1,0.6667
sunni-islam,JLS-063,A1,2,0.6667
sunni-islam,JLS-063,A1,3,0.3333
sunni-islam,JLS-064,A1,0,0.3333
sunni-islam,JLS-064,A1,1,-1.0000
sunni-islam,JLS-064,A1,2,-0.6667
sunni-islam,JLS-064,A1,3,-1.0000
sunni-islam,JLS-065,A1,0,0.0000
sunni-islam,JLS-065,A1,1,0.8333
sunni-islam,JLS-065,A1,2,0.6667
sunni-islam,JLS-065,A1,3,0.7500
sunni-islam,JLS-066,A1,0,0.0000
sunni-islam,JLS-066,A1,1,0.0833
sunni-islam,JLS-066,A1,2,-0.3333
sunni-islam,JLS-066,A1,3,0.0000
sunni-islam,JLS-067,A1,0,1.0000
sunni-islam,JLS-067,A1,1,1.0000
sunni-islam,JLS-067,A1,2,0.6667
sunni-islam,JLS-067,A1,3,0.3333
sunni-islam,JLS-068,A1,0,0.3333
sunni-islam,JLS-068,A1,1,0.6667
sunni-islam,JLS-068,A1,2,0.4167
sunni-islam,JLS-068,A1,3,0.0000
sunni-islam,JLS-069,A1,0,1.0000
sunni-islam,JLS-069,A1,1,1.0000
sunni-islam,JLS-069,A1,2,1.0000
sunni-islam,JLS-069,A1,3,0.6667
sunni-islam,JLS-070,A1,0,-0.6667
sunni-islam,JLS-070,A1,1,0.0000
sunni-islam,JLS-070,A1,2,-0.6667
sunni-islam,JLS-070,A1,3,-0.5833
sunni-islam,JLS-071,A1,0,-1.0000
sunni-islam,JLS-071,A1,1,-0.6667
sunni-islam,JLS-071,A1,2,-1.0000
sunni-islam,JLS-071,A1,3,-1.0000
sunni-islam,JLS-072,A1,0,1.0000
sunni-islam,JLS-072,A1,1,0.8333
sunni-islam,JLS-072,A1,2,0.5833
sunni-islam,JLS-072,A1,3,0.8333
sunni-islam,JLS-073,A1,0,0.9167
sunni-islam,JLS-073,A1,1,0.6667
sunni-islam,JLS-073,A1,2,1.0000
sunni-islam,JLS-073,A1,3,0.6667
sunni-islam,JLS-074,A1,0,0.3333
sunni-islam,JLS-074,A1,1,0.3333
sunni-islam,JLS-074,A1,2,0.0000
sunni-islam,JLS-074,A1,3,-0.0833
sunni-islam,JLS-075,A1,0,0.9167
sunni-islam,JLS-075,A1,1,1.0000
sunni-islam,JLS-075,A1,2,0.9167
sunni-islam,JLS-075,A1,3,0.5000
sunni-islam,JLS-076,A1,0,-0.7500
sunni-islam,JLS-076,A1,1,-1.0000
sunni-islam,JLS-076,A1,2,-1.0000
sunni-islam,JLS-076,A1,3,-1.0000
sunni-islam,JLS-077,A1,0,-0.3333
sunni-islam,JLS-077,A1,1,-0.3333
sunni-islam,JLS-077,A1,2,-0.4167
sunni-islam,JLS-077,A1,3,-1.0000
sunni-islam,JLS-078,A1,0,1.0000
sunni-islam,JLS-078,A1,1,1.0000
sunni-islam,JLS-078,A1,2,1.0000
sunni-islam,JLS-078,A1,3,1.0000
sunni-islam,JLS-079,A1,0,-0.6667
sunni-islam,JLS-079,A1,1,-0.0833
sunni-islam,JLS-079,A1,2,-0.7500
sunni-islam,JLS-079,A1,3,-0.7500
sunni-islam,JLS-080,A1,0,0.6667
sunni-islam,JLS-080,A1,1,0.3333
sunni-islam,JLS-080,A1,2,0.3333
sunni-islam,JLS-080,A1,3,0.3333
sunni-islam,JLS-081,A1,0,1.0000
sunni-islam,JLS-081,A1,1,1.0000
sunni-islam,JLS-081,A1,2,1.0000
sunni-islam,JLS-081,A1,3,1.0000
sunni-islam,JLS-082,A1,0,-0.3333
sunni-islam,JLS-082,A1,1,0.0000
sunni-islam,JLS-082,A1,2,0.4167
sunni-islam,JLS-082,A1,3,-0.4167
sunni-islam,JLS-083,A1,0,-1.0000
sunni-islam,JLS-083,A1,1,-1.0000
sunni-islam,JLS-083,A1,2,-1.0000
sunni-islam,JLS-083,A1,3,-1.0000
sunni-islam,JLS-084,A1,0,0.7500
sunni-islam,JLS-084,A1,1,1.0000
sunni-islam,JLS-084,A1,2,1.0000
sunni-islam,JLS-084,A1,3,1.0000
sunni-islam,JLS-085,A1,0,0.6667
sunni-islam,JLS-085,A1,1,0.6667
sunni-islam,JLS-085,A1,2,0.6667
sunni-islam,JLS-085,A1,3,0.6667
sunni-islam,JLS-086,A1,0,0.0000
sunni-islam,JLS-086,A1,1,0.2500
sunni-islam,JLS-086,A1,2,-0.3333
sunni-islam,JLS-086,A1,3,-0.3333
sunni-islam,JLS-087,A1,0,0.0000
sunni-islam,JLS-087,A1,1,0.3333
sunni-islam,JLS-087,A1,2,0.5833
sunni-islam,JLS-087,A1,3,0.3333
sunni-islam,JLS-088,A1,0,1.0000
sunni-islam,JLS-088,A1,1,0.3333
sunni-islam,JLS-088,A1,2,0.3333
sunni-islam,JLS-088,A1,3,0.3333
sunni-islam,JLS-089,A1,0,-1.0000
sunni-islam,JLS-089,A1,1,-0.7500
sunni-islam,JLS-089,A1,2,-1.0000
sunni-islam,JLS-089,A1,3,-1.0000
sunni-islam,JLS-090,A1,0,-0.6667
sunni-islam,JLS-090,A1,1,-0.3333
sunni-islam,JLS-090,A1,2,-0.9167
sunni-islam,JLS-090,A1,3,-0.3333
sunni-islam,JLS-091,A1,0,-0.3333
sunni-islam,JLS-091,A1,1,-0.1667
sunni-islam,JLS-091,A1,2,0.0000
sunni-islam,JLS-091,A1,3,0.0000
sunni-islam,JLS-092,A1,0,0.6667
sunni-islam,JLS-092,A1,1,0.6667
sunni-islam,JLS-092,A1,2,1.0000
sunni-islam,JLS-092,A1,3,0.6667
sunni-islam,JLS-093,A1,0,0.7500
sunni-islam,JLS-093,A1,1,1.0000
sunni-islam,JLS-093,A1,2,0.6667
sunni-islam,JLS-093,A1,3,0.6667
sunni-islam,JLS-094,A1,0,-1.0000
sunni-islam,JLS-094,A1,1,-1.0000
sunni-islam,JLS-094,A1,2,-1.0000
sunni-islam,JLS-094,A1,3,-1.0000
sunni-islam,JLS-095,A1,0,0.6667
sunni-islam,JLS-095,A1,1,0.6667
sunni-islam,JLS-095,A1,2,0.6667
sunni-islam,JLS-095,A1,3,1.0000
sunni-islam,JLS-096,A1,0,-0.7500
sunni-islam,JLS-096,A1,1,-0.7500
sunni-islam,JLS-096,A1,2,-0.2500
sunni-islam,JLS-096,A1,3,-0.6667
sunni-islam,JLS-097,A1,0,0.0000
sunni-islam,JLS-097,A1,1,1.0000
sunni-islam,JLS-097,A1,2,0.3333
sunni-islam,JLS-097,A1,3,0.6667
sunni-islam,JLS-098,A1,0,0.4167
sunni-islam,JLS-098,A1,1,0.4167
sunni-islam,JLS-098,A1,2,0.6667
sunni-islam,JLS-098,A1,3,0.4167
sunni-islam,JLS-099,A1,0,0.1667
sunni-islam,JLS-099,A1,1,0.5000
sunni-islam,JLS-099,A1,2,0.1667
sunni-islam,JLS-099,A1,3,0.1667
sunni-islam,JLS-100,A1,0,0.6667
sunni-islam,JLS-100,A1,1,0.5833
sunni-islam,JLS-100,A1,2,1.0000
sunni-islam,JLS-100,A1,3,0.3333
sunni-islam,JLS-101,A1,0,0.6667
sunni-islam,JLS-101,A1,1,0.6667
sunni-islam,JLS-101,A1,2,1.0000
sunni-islam,JLS-101,A1,3,0.3333
sunni-islam,JLS-102,A1,0,0.9167
sunni-islam,JLS-102,A1,1,0.6667
sunni-islam,JLS-102,A1,2,1.0000
sunni-islam,JLS-102,A1,3,1.0000
sunni-islam,JLS-103,A1,0,0.6667
sunni-islam,JLS-103,A1,1,0.6667
sunni-islam,JLS-103,A1,2,0.6667
sunni-islam,JLS-103,A1,3,1.0000
sunni-islam,JLS-104,A1,0,1.0000
sunni-islam,JLS-104,A1,1,0.6667
sunni-islam,JLS-104,A1,2,1.0000
sunni-islam,JLS-104,A1,3,1.0000
sunni-islam,JLS-105,A1,0,0.9167
sunni-islam,JLS-105,A1,1,1.0000
sunni-islam,JLS-105,A1,2,1.0000
sunni-islam,JLS-105,A1,3,1.0000
sunni-islam,JLS-106,A1,0,-0.2500
sunni-islam,JLS-106,A1,1,-0.6667
sunni-islam,JLS-106,A1,2,-0.5833
sunni-islam,JLS-106,A1,3,-0.6667
sunni-islam,JLS-107,A1,0,1.0000
sunni-islam,JLS-107,A1,1,1.0000
sunni-islam,JLS-107,A1,2,1.0000
sunni-islam,JLS-107,A1,3,1.0000
sunni-islam,JLS-108,A1,0,0.6667
sunni-islam,JLS-108,A1,1,1.0000
sunni-islam,JLS-108,A1,2,1.0000
sunni-islam,JLS-108,A1,3,0.3333
sunni-islam,JLS-109,A1,0,-0.9167
sunni-islam,JLS-109,A1,1,-0.5833
sunni-islam,JLS-109,A1,2,-0.2500
sunni-islam,JLS-109,A1,3,-0.6667
sunni-islam,JLS-110,A1,0,1.0000
sunni-islam,JLS-110,A1,1,1.0000
sunni-islam,JLS-110,A1,2,1.0000
sunni-islam,JLS-110,A1,3,1.0000
sunni-islam,JLS-111,A1,0,0.6667
sunni-islam,JLS-111,A1,1,0.9167
sunni-islam,JLS-111,A1,2,1.0000
sunni-islam,JLS-111,A1,3,0.6667
sunni-islam,JLS-112,A1,0,1.0000
sunni-islam,JLS-112,A1,1,1.0000
sunni-islam,JLS-112,A1,2,-1.0000
sunni-islam,JLS-112,A1,3,0.4167
sunni-islam,JLS-113,A1,0,1.0000
sunni-islam,JLS-113,A1,1,1.0000
sunni-islam,JLS-113,A1,2,1.0000
sunni-islam,JLS-113,A1,3,1.0000
sunni-islam,JLS-114,A1,0,1.0000
sunni-islam,JLS-114,A1,1,1.0000
sunni-islam,JLS-114,A1,2,0.6667
sunni-islam,JLS-114,A1,3,0.0000
sunni-islam,JLS-115,A1,0,1.0000
sunni-islam,JLS-115,A1,1,1.0000
sunni-islam,JLS-115,A1,2,1.0000
sunni-islam,JLS-115,A1,3,1.0000
sunni-islam,JLS-116,A1,0,0.0833
sunni-islam,JLS-116,A1,1,-1.0000
sunni-islam,JLS-116,A1,2,-0.6667
sunni-islam,JLS-116,A1,3,-0.9167
sunni-islam,JLS-117,A1,0,-1.0000
sunni-islam,JLS-117,A1,1,-1.0000
sunni-islam,JLS-117,A1,2,-1.0000
sunni-islam,JLS-117,A1,3,-1.0000
sunni-islam,JLS-118,A1,0,-0.3333
sunni-islam,JLS-118,A1,1,0.6667
sunni-islam,JLS-118,A1,2,0.6667
sunni-islam,JLS-118,A1,3,0.5833
sunni-islam,JLS-119,A1,0,0.6667
sunni-islam,JLS-119,A1,1,0.6667
sunni-islam,JLS-119,A1,2,0.6667
sunni-islam,JLS-119,A1,3,0.6667
sunni-islam,JLS-120,A1,0,-0.2500
sunni-islam,JLS-120,A1,1,-0.3333
sunni-islam,JLS-120,A1,2,-0.4167
sunni-islam,JLS-120,A1,3,-0.5833
sunni-islam,JLS-121,A1,0,1.0000
sunni-islam,JLS-121,A1,1,1.0000
sunni-islam,JLS-121,A1,2,1.0000
sunni-islam,JLS-121,A1,3,1.0000
sunni-islam,JLS-122,A1,0,0.3333
sunni-islam,JLS-122,A1,1,0.5000
sunni-islam,JLS-122,A1,2,0.0000
sunni-islam,JLS-122,A1,3,-0.0833
sunni-islam,JLS-123,A1,0,0.6667
sunni-islam,JLS-123,A1,1,1.0000
sunni-islam,JLS-123,A1,2,1.0000
sunni-islam,JLS-123,A1,3,0.7500
sunni-islam,JLS-124,A1,0,1.0000
sunni-islam,JLS-124,A1,1,1.0000
sunni-islam,JLS-124,A1,2,1.0000
sunni-islam,JLS-124,A1,3,1.0000
sunni-islam,JLS-125,A1,0,1.0000
sunni-islam,JLS-125,A1,1,1.0000
sunni-islam,JLS-125,A1,2,1.0000
sunni-islam,JLS-125,A1,3,1.0000
sunni-islam,JLS-126,A1,0,-0.3333
sunni-islam,JLS-126,A1,1,-0.6667
sunni-islam,JLS-126,A1,2,-0.6667
sunni-islam,JLS-126,A1,3,-0.6667
sunni-islam,JLS-127,A1,0,0.6667
sunni-islam,JLS-127,A1,1,0.5000
sunni-islam,JLS-127,A1,2,0.3333
sunni-islam,JLS-127,A1,3,0.3333
sunni-islam,JLS-128,A1,0,-1.0000
sunni-islam,JLS-128,A1,1,-0.6667
sunni-islam,JLS-128,A1,2,-0.6667
sunni-islam,JLS-128,A1,3,-0.6667
sunni-islam,JLS-129,A1,0,0.6667
sunni-islam,JLS-129,A1,1,0.3333
sunni-islam,JLS-129,A1,2,1.0000
sunni-islam,JLS-129,A1,3,0.0000
sunni-islam,JLS-130,A1,0,1.0000
sunni-islam,JLS-130,A1,1,0.6667
sunni-islam,JLS-130,A1,2,0.6667
sunni-islam,JLS-130,A1,3,0.3333
sunni-islam,JLS-131,A1,0,1.0000
sunni-islam,JLS-131,A1,1,1.0000
sunni-islam,JLS-131,A1,2,1.0000
sunni-islam,JLS-131,A1,3,0.6667
sunni-islam,JLS-132,A1,0,-0.3333
sunni-islam,JLS-132,A1,1,0.0000
sunni-islam,JLS-132,A1,2,0.0000
sunni-islam,JLS-132,A1,3,0.0000
sunni-islam,JLS-133,A1,0,-0.6667
sunni-islam,JLS-133,A1,1,-1.0000
sunni-islam,JLS-133,A1,2,-1.0000
sunni-islam,JLS-133,A1,3,-1.0000
sunni-islam,JLS-134,A1,0,1.0000
sunni-islam,JLS-134,A1,1,1.0000
sunni-islam,JLS-134,A1,2,1.0000
sunni-islam,JLS-134,A1,3,1.0000
sunni-islam,JLS-135,A1,0,-0.9167
sunni-islam,JLS-135,A1,1,-0.9167
sunni-islam,JLS-135,A1,2,-1.0000
sunni-islam,JLS-135,A1,3,-1.0000
sunni-islam,JLS-136,A1,0,-1.0000
sunni-islam,JLS-136,A1,1,-1.0000
sunni-islam,JLS-136,A1,2,-1.0000
sunni-islam,JLS-136,A1,3,-1.0000
sunni-islam,JLS-137,A1,0,-1.0000
sunni-islam,JLS-137,A1,1,-1.0000
sunni-islam,JLS-137,A1,2,-1.0000
sunni-islam,JLS-137,A1,3,-1.0000
sunni-islam,JLS-138,A1,0,-1.0000
sunni-islam,JLS-138,A1,1,-1.0000
sunni-islam,JLS-138,A1,2,-1.0000
sunni-islam,JLS-138,A1,3,-1.0000
sunni-islam,JLS-139,A1,0,1.0000
sunni-islam,JLS-139,A1,1,1.0000
sunni-islam,JLS-139,A1,2,0.6667
sunni-islam,JLS-139,A1,3,1.0000
sunni-islam,JLS-140,A1,0,0.6667
sunni-islam,JLS-140,A1,1,1.0000
sunni-islam,JLS-140,A1,2,1.0000
sunni-islam,JLS-140,A1,3,1.0000
judaism,MSR-001,A1,0,1.0000
judaism,MSR-001,A1,1,1.0000
judaism,MSR-001,A1,2,1.0000
judaism,MSR-001,A1,3,1.0000
judaism,MSR-002,A1,0,1.0000
judaism,MSR-002,A1,1,1.0000
judaism,MSR-002,A1,2,1.0000
judaism,MSR-002,A1,3,0.6667
judaism,MSR-003,A1,0,-0.6667
judaism,MSR-003,A1,1,-0.3333
judaism,MSR-003,A1,2,0.0000
judaism,MSR-003,A1,3,-0.5833
judaism,MSR-004,A1,0,1.0000
judaism,MSR-004,A1,1,0.6667
judaism,MSR-004,A1,2,0.4167
judaism,MSR-004,A1,3,-0.5000
judaism,MSR-005,A1,0,1.0000
judaism,MSR-005,A1,1,1.0000
judaism,MSR-005,A1,2,1.0000
judaism,MSR-005,A1,3,1.0000
judaism,MSR-006,A1,0,1.0000
judaism,MSR-006,A1,1,1.0000
judaism,MSR-006,A1,2,0.6667
judaism,MSR-006,A1,3,0.6667
judaism,MSR-007,A1,0,1.0000
judaism,MSR-007,A1,1,0.6667
judaism,MSR-007,A1,2,1.0000
judaism,MSR-007,A1,3,0.6667
judaism,MSR-008,A1,0,1.0000
judaism,MSR-008,A1,1,1.0000
judaism,MSR-008,A1,2,1.0000
judaism,MSR-008,A1,3,1.0000
judaism,MSR-009,A1,0,0.5833
judaism,MSR-009,A1,1,0.6667
judaism,MSR-009,A1,2,0.6667
judaism,MSR-009,A1,3,0.6667
judaism,MSR-010,A1,0,1.0000
judaism,MSR-010,A1,1,1.0000
judaism,MSR-010,A1,2,0.8333
judaism,MSR-010,A1,3,0.8333
judaism,MSR-011,A1,0,1.0000
judaism,MSR-011,A1,1,1.0000
judaism,MSR-011,A1,2,1.0000
judaism,MSR-011,A1,3,1.0000
judaism,MSR-012,A1,0,1.0000
judaism,MSR-012,A1,1,1.0000
judaism,MSR-012,A1,2,1.0000
judaism,MSR-012,A1,3,1.0000
judaism,MSR-013,A1,0,0.6667
judaism,MSR-013,A1,1,0.3333
judaism,MSR-013,A1,2,0.3333
judaism,MSR-013,A1,3,0.5000
judaism,MSR-014,A1,0,0.5833
judaism,MSR-014,A1,1,0.5833
judaism,MSR-014,A1,2,0.5000
judaism,MSR-014,A1,3,0.8333
judaism,MSR-015,A1,0,1.0000
judaism,MSR-015,A1,1,1.0000
judaism,MSR-015,A1,2,1.0000
judaism,MSR-015,A1,3,1.0000
judaism,MSR-016,A1,0,1.0000
judaism,MSR-016,A1,1,1.0000
judaism,MSR-016,A1,2,1.0000
judaism,MSR-016,A1,3,1.0000
judaism,MSR-017,A1,0,0.6667
judaism,MSR-017,A1,1,1.0000
judaism,MSR-017,A1,2,1.0000
judaism,MSR-017,A1,3,0.6667
judaism,MSR-018,A1,0,0.8333
judaism,MSR-018,A1,1,0.8333
judaism,MSR-018,A1,2,0.8333
judaism,MSR-018,A1,3,0.8333
judaism,MSR-019,A1,0,0.6667
judaism,MSR-019,A1,1,0.6667
judaism,MSR-019,A1,2,0.5833
judaism,MSR-019,A1,3,0.8333
judaism,MSR-020,A1,0,1.0000
judaism,MSR-020,A1,1,1.0000
judaism,MSR-020,A1,2,0.6667
judaism,MSR-020,A1,3,1.0000
judaism,MSR-021,A1,0,1.0000
judaism,MSR-021,A1,1,1.0000
judaism,MSR-021,A1,2,1.0000
judaism,MSR-021,A1,3,1.0000
judaism,MSR-022,A1,0,-1.0000
judaism,MSR-022,A1,1,-0.8333
judaism,MSR-022,A1,2,-1.0000
judaism,MSR-022,A1,3,-1.0000
judaism,MSR-023,A1,0,0.6667
judaism,MSR-023,A1,1,0.3333
judaism,MSR-023,A1,2,0.6667
judaism,MSR-023,A1,3,0.8333
judaism,MSR-024,A1,0,1.0000
judaism,MSR-024,A1,1,1.0000
judaism,MSR-024,A1,2,1.0000
judaism,MSR-024,A1,3,1.0000
judaism,MSR-025,A1,0,1.0000
judaism,MSR-025,A1,1,1.0000
judaism,MSR-025,A1,2,1.0000
judaism,MSR-025,A1,3,1.0000
judaism,MSR-026,A1,0,1.0000
judaism,MSR-026,A1,1,1.0000
judaism,MSR-026,A1,2,1.0000
judaism,MSR-026,A1,3,1.0000
judaism,MSR-027,A1,0,1.0000
judaism,MSR-027,A1,1,1.0000
judaism,MSR-027,A1,2,1.0000
judaism,MSR-027,A1,3,1.0000
judaism,MSR-028,A1,0,1.0000
judaism,MSR-028,A1,1,1.0000
judaism,MSR-028,A1,2,1.0000
judaism,MSR-028,A1,3,1.0000
judaism,MSR-029,A1,0,1.0000
judaism,MSR-029,A1,1,1.0000
judaism,MSR-029,A1,2,1.0000
judaism,MSR-029,A1,3,1.0000
judaism,MSR-030,A1,0,1.0000
judaism,MSR-030,A1,1,1.0000
judaism,MSR-030,A1,2,1.0000
judaism,MSR-030,A1,3,1.0000
judaism,MSR-031,A1,0,1.0000
judaism,MSR-031,A1,1,1.0000
judaism,MSR-031,A1,2,1.0000
judaism,MSR-031,A1,3,1.0000
judaism,MSR-032,A1,0,1.0000
judaism,MSR-032,A1,1,1.0000
judaism,MSR-032,A1,2,1.0000
judaism,MSR-032,A1,3,1.0000
judaism,MSR-033,A1,0,0.9167
judaism,MSR-033,A1,1,1.0000
judaism,MSR-033,A1,2,1.0000
judaism,MSR-033,A1,3,1.0000
judaism,MSR-034,A1,0,0.6667
judaism,MSR-034,A1,1,0.6667
judaism,MSR-034,A1,2,0.6667
judaism,MSR-034,A1,3,0.6667
judaism,MSR-035,A1,0,0.0000
judaism,MSR-035,A1,1,-0.3333
judaism,MSR-035,A1,2,-1.0000
judaism,MSR-035,A1,3,-0.6667
judaism,MSR-036,A1,0,1.0000
judaism,MSR-036,A1,1,0.6667
judaism,MSR-036,A1,2,0.0000
judaism,MSR-036,A1,3,0.3333
judaism,MSR-037,A1,0,1.0000
judaism,MSR-037,A1,1,1.0000
judaism,MSR-037,A1,2,1.0000
judaism,MSR-037,A1,3,1.0000
judaism,MSR-038,A1,0,1.0000
judaism,MSR-038,A1,1,0.6667
judaism,MSR-038,A1,2,0.6667
judaism,MSR-038,A1,3,1.0000
judaism,MSR-039,A1,0,1.0000
judaism,MSR-039,A1,1,1.0000
judaism,MSR-039,A1,2,1.0000
judaism,MSR-039,A1,3,0.9167
judaism,MSR-040,A1,0,1.0000
judaism,MSR-040,A1,1,1.0000
judaism,MSR-040,A1,2,1.0000
judaism,MSR-040,A1,3,1.0000
judaism,MSR-041,A1,0,1.0000
judaism,MSR-041,A1,1,1.0000
judaism,MSR-041,A1,2,1.0000
judaism,MSR-041,A1,3,1.0000
judaism,MSR-042,A1,0,1.0000
judaism,MSR-042,A1,1,1.0000
judaism,MSR-042,A1,2,1.0000
judaism,MSR-042,A1,3,1.0000
judaism,MSR-043,A1,0,0.9167
judaism,MSR-043,A1,1,0.7500
judaism,MSR-043,A1,2,0.8333
judaism,MSR-043,A1,3,0.6667
judaism,MSR-044,A1,0,0.3333
judaism,MSR-044,A1,1,0.6667
judaism,MSR-044,A1,2,0.2500
judaism,MSR-044,A1,3,0.2500
judaism,MSR-045,A1,0,0.9167
judaism,MSR-045,A1,1,0.5000
judaism,MSR-045,A1,2,0.9167
judaism,MSR-045,A1,3,0.7500
judaism,MSR-046,A1,0,1.0000
judaism,MSR-046,A1,1,0.9167
judaism,MSR-046,A1,2,1.0000
judaism,MSR-046,A1,3,0.6667
judaism,MSR-047,A1,0,0.6667
judaism,MSR-047,A1,1,0.3333
judaism,MSR-047,A1,2,0.6667
judaism,MSR-047,A1,3,1.0000
judaism,MSR-048,A1,0,1.0000
judaism,MSR-048,A1,1,1.0000
judaism,MSR-048,A1,2,1.0000
judaism,MSR-048,A1,3,1.0000
secular-sage,SPH-001,A1,0,1.0000
secular-sage,SPH-001,A1,1,0.9167
secular-sage,SPH-001,A1,2,1.0000
secular-sage,SPH-001,A1,3,1.0000
secular-sage,SPH-002,A1,0,0.9167
secular-sage,SPH-002,A1,1,0.6667
secular-sage,SPH-002,A1,2,1.0000
secular-sage,SPH-002,A1,3,0.6667
secular-sage,SPH-003,A1,0,-0.5000
secular-sage,SPH-003,A1,1,0.7500
secular-sage,SPH-003,A1,2,0.2500
secular-sage,SPH-003,A1,3,0.2500
secular-sage,SPH-004,A1,0,1.0000
secular-sage,SPH-004,A1,1,1.0000
secular-sage,SPH-004,A1,2,1.0000
secular-sage,SPH-004,A1,3,1.0000
secular-sage,SPH-005,A1,0,0.6667
secular-sage,SPH-005,A1,1,0.6667
secular-sage,SPH-005,A1,2,0.3333
secular-sage,SPH-005,A1,3,0.3333
secular-sage,SPH-006,A1,0,1.0000
secular-sage,SPH-006,A1,1,1.0000
secular-sage,SPH-006,A1,2,1.0000
secular-sage,SPH-006,A1,3,1.0000
secular-sage,SPH-007,A1,0,1.0000
secular-sage,SPH-007,A1,1,1.0000
secular-sage,SPH-007,A1,2,1.0000
secular-sage,SPH-007,A1,3,1.0000
secular-sage,SPH-008,A1,0,1.0000
secular-sage,SPH-008,A1,1,1.0000
secular-sage,SPH-008,A1,2,1.0000
secular-sage,SPH-008,A1,3,1.0000
secular-sage,SPH-009,A1,0,0.8333
secular-sage,SPH-009,A1,1,1.0000
secular-sage,SPH-009,A1,2,0.8333
secular-sage,SPH-009,A1,3,1.0000
secular-sage,SPH-010,A1,0,0.7500
secular-sage,SPH-010,A1,1,0.9167
secular-sage,SPH-010,A1,2,1.0000
secular-sage,SPH-010,A1,3,0.7500
secular-sage,SPH-011,A1,0,0.7500
secular-sage,SPH-011,A1,1,0.7500
secular-sage,SPH-011,A1,2,0.4167
secular-sage,SPH-011,A1,3,1.0000
secular-sage,SPH-012,A1,0,1.0000
secular-sage,SPH-012,A1,1,1.0000
secular-sage,SPH-012,A1,2,1.0000
secular-sage,SPH-012,A1,3,1.0000
secular-sage,SPH-013,A1,0,0.6667
secular-sage,SPH-013,A1,1,0.9167
secular-sage,SPH-013,A1,2,1.0000
secular-sage,SPH-013,A1,3,0.6667
secular-sage,SPH-014,A1,0,1.0000
secular-sage,SPH-014,A1,1,0.6667
secular-sage,SPH-014,A1,2,1.0000
secular-sage,SPH-014,A1,3,1.0000
secular-sage,SPH-015,A1,0,0.2500
secular-sage,SPH-015,A1,1,0.2500
secular-sage,SPH-015,A1,2,0.5833
secular-sage,SPH-015,A1,3,0.0000
secular-sage,SPH-016,A1,0,1.0000
secular-sage,SPH-016,A1,1,1.0000
secular-sage,SPH-016,A1,2,1.0000
secular-sage,SPH-016,A1,3,1.0000
secular-sage,SPH-017,A1,0,1.0000
secular-sage,SPH-017,A1,1,1.0000
secular-sage,SPH-017,A1,2,1.0000
secular-sage,SPH-017,A1,3,1.0000
secular-sage,SPH-018,A1,0,0.9167
secular-sage,SPH-018,A1,1,0.6667
secular-sage,SPH-018,A1,2,1.0000
secular-sage,SPH-018,A1,3,0.7500
secular-sage,SPH-019,A1,0,1.0000
secular-sage,SPH-019,A1,1,1.0000
secular-sage,SPH-019,A1,2,1.0000
secular-sage,SPH-019,A1,3,1.0000
secular-sage,SPH-020,A1,0,0.0000
secular-sage,SPH-020,A1,1,-0.3333
secular-sage,SPH-020,A1,2,-0.1667
secular-sage,SPH-020,A1,3,-0.3333
secular-sage,SPH-021,A1,0,1.0000
secular-sage,SPH-021,A1,1,0.6667
secular-sage,SPH-021,A1,2,0.6667
secular-sage,SPH-021,A1,3,0.6667
secular-sage,SPH-022,A1,0,0.3333
secular-sage,SPH-022,A1,1,0.3333
secular-sage,SPH-022,A1,2,0.3333
secular-sage,SPH-022,A1,3,0.6667
secular-sage,SPH-023,A1,0,1.0000
secular-sage,SPH-023,A1,1,1.0000
secular-sage,SPH-023,A1,2,1.0000
secular-sage,SPH-023,A1,3,0.4167
secular-sage,SPH-024,A1,0,1.0000
secular-sage,SPH-024,A1,1,1.0000
secular-sage,SPH-024,A1,2,1.0000
secular-sage,SPH-024,A1,3,1.0000
secular-sage,SPH-025,A1,0,-0.5000
secular-sage,SPH-025,A1,1,-0.3333
secular-sage,SPH-025,A1,2,-0.6667
secular-sage,SPH-025,A1,3,-0.5000
secular-sage,SPH-026,A1,0,-0.5833
secular-sage,SPH-026,A1,1,-0.8333
secular-sage,SPH-026,A1,2,-0.9167
secular-sage,SPH-026,A1,3,-0.2500
secular-sage,SPH-027,A1,0,1.0000
secular-sage,SPH-027,A1,1,0.5833
secular-sage,SPH-027,A1,2,0.6667
secular-sage,SPH-027,A1,3,0.6667
secular-sage,SPH-028,A1,0,1.0000
secular-sage,SPH-028,A1,1,0.6667
secular-sage,SPH-028,A1,2,0.6667
secular-sage,SPH-028,A1,3,1.0000
secular-sage,SPH-029,A1,0,0.9167
secular-sage,SPH-029,A1,1,1.0000
secular-sage,SPH-029,A1,2,1.0000
secular-sage,SPH-029,A1,3,1.0000
secular-sage,SPH-030,A1,0,1.0000
secular-sage,SPH-030,A1,1,1.0000
secular-sage,SPH-030,A1,2,0.6667
secular-sage,SPH-030,A1,3,1.0000
secular-sage,SPH-031,A1,0,0.5000
secular-sage,SPH-031,A1,1,1.0000
secular-sage,SPH-031,A1,2,0.8333
secular-sage,SPH-031,A1,3,0.7500
secular-sage,SPH-032,A1,0,1.0000
secular-sage,SPH-032,A1,1,1.0000
secular-sage,SPH-032,A1,2,1.0000
secular-sage,SPH-032,A1,3,0.6667
secular-sage,SPH-033,A1,0,1.0000
secular-sage,SPH-033,A1,1,1.0000
secular-sage,SPH-033,A1,2,1.0000
secular-sage,SPH-033,A1,3,0.6667
secular-sage,SPH-034,A1,0,1.0000
secular-sage,SPH-034,A1,1,0.7500
secular-sage,SPH-034,A1,2,1.0000
secular-sage,SPH-034,A1,3,0.7500
secular-sage,SPH-035,A1,0,0.5000
secular-sage,SPH-035,A1,1,0.2500
secular-sage,SPH-035,A1,2,0.0000
secular-sage,SPH-035,A1,3,0.0833
secular-sage,SPH-036,A1,0,0.6667
secular-sage,SPH-036,A1,1,0.3333
secular-sage,SPH-036,A1,2,0.3333
secular-sage,SPH-036,A1,3,0.7500
secular-sage,SPH-037,A1,0,1.0000
secular-sage,SPH-037,A1,1,1.0000
secular-sage,SPH-037,A1,2,1.0000
secular-sage,SPH-037,A1,3,1.0000
secular-sage,SPH-038,A1,0,1.0000
secular-sage,SPH-038,A1,1,1.0000
secular-sage,SPH-038,A1,2,1.0000
secular-sage,SPH-038,A1,3,1.0000
secular-sage,SPH-039,A1,0,0.6667
secular-sage,SPH-039,A1,1,0.6667
secular-sage,SPH-039,A1,2,0.6667
secular-sage,SPH-039,A1,3,0.6667
secular-sage,SPH-040,A1,0,1.0000
secular-sage,SPH-040,A1,1,1.0000
secular-sage,SPH-040,A1,2,1.0000
secular-sage,SPH-040,A1,3,1.0000
secular-sage,SPH-041,A1,0,1.0000
secular-sage,SPH-041,A1,1,1.0000
secular-sage,SPH-041,A1,2,1.0000
secular-sage,SPH-041,A1,3,1.0000
secular-sage,SPH-042,A1,0,0.9167
secular-sage,SPH-042,A1,1,1.0000
secular-sage,SPH-042,A1,2,1.0000
secular-sage,SPH-042,A1,3,1.0000
secular-sage,SPH-043,A1,0,0.6667
secular-sage,SPH-043,A1,1,0.6667
secular-sage,SPH-043,A1,2,0.6667
secular-sage,SPH-043,A1,3,0.6667
secular-sage,SPH-044,A1,0,-0.5000
secular-sage,SPH-044,A1,1,-0.5000
secular-sage,SPH-044,A1,2,-0.3333
secular-sage,SPH-044,A1,3,-0.5000
secular-sage,SPH-045,A1,0,0.5833
secular-sage,SPH-045,A1,1,0.9167
secular-sage,SPH-045,A1,2,0.7500
secular-sage,SPH-045,A1,3,0.6667
secular-sage,SPH-046,A1,0,0.3333
secular-sage,SPH-046,A1,1,0.3333
secular-sage,SPH-046,A1,2,0.3333
secular-sage,SPH-046,A1,3,0.4167
secular-sage,SPH-047,A1,0,0.3333
secular-sage,SPH-047,A1,1,0.3333
secular-sage,SPH-047,A1,2,-0.3333
secular-sage,SPH-047,A1,3,0.3333
secular-sage,SPH-048,A1,0,1.0000
secular-sage,SPH-048,A1,1,1.0000
secular-sage,SPH-048,A1,2,1.0000
secular-sage,SPH-048,A1,3,1.0000
secular-sage,SPH-049,A1,0,1.0000
secular-sage,SPH-049,A1,1,1.0000
secular-sage,SPH-049,A1,2,0.9167
secular-sage,SPH-049,A1,3,1.0000
taoism,TAO-001,A1,0,0.5833
taoism,TAO-001,A1,1,0.9167
taoism,TAO-001,A1,2,1.0000
taoism,TAO-001,A1,3,1.0000
taoism,TAO-002,A1,0,1.0000
taoism,TAO-002,A1,1,1.0000
taoism,TAO-002,A1,2,1.0000
taoism,TAO-002,A1,3,1.0000
taoism,TAO-003,A1,0,0.6667
taoism,TAO-003,A1,1,0.6667
taoism,TAO-003,A1,2,0.6667
taoism,TAO-003,A1,3,0.3333
taoism,TAO-004,A1,0,1.0000
taoism,TAO-004,A1,1,1.0000
taoism,TAO-004,A1,2,1.0000
taoism,TAO-004,A1,3,1.0000
taoism,TAO-005,A1,0,1.0000
taoism,TAO-005,A1,1,1.0000
taoism,TAO-005,A1,2,1.0000
taoism,TAO-005,A1,3,1.0000
taoism,TAO-006,A1,0,1.0000
taoism,TAO-006,A1,1,1.0000
taoism,TAO-006,A1,2,1.0000
taoism,TAO-006,A1,3,1.0000
taoism,TAO-007,A1,0,0.3333
taoism,TAO-007,A1,1,1.0000
taoism,TAO-007,A1,2,1.0000
taoism,TAO-007,A1,3,1.0000
taoism,TAO-008,A1,0,0.6667
taoism,TAO-008,A1,1,0.6667
taoism,TAO-008,A1,2,0.6667
taoism,TAO-008,A1,3,0.6667
taoism,TAO-009,A1,0,1.0000
taoism,TAO-009,A1,1,1.0000
taoism,TAO-009,A1,2,1.0000
taoism,TAO-009,A1,3,1.0000
taoism,TAO-010,A1,0,1.0000
taoism,TAO-010,A1,1,0.5833
taoism,TAO-010,A1,2,0.3333
taoism,TAO-010,A1,3,0.5833
taoism,TAO-011,A1,0,1.0000
taoism,TAO-011,A1,1,1.0000
taoism,TAO-011,A1,2,0.9167
taoism,TAO-011,A1,3,1.0000
taoism,TAO-012,A1,0,0.8333
taoism,TAO-012,A1,1,1.0000
taoism,TAO-012,A1,2,1.0000
taoism,TAO-012,A1,3,0.9167
taoism,TAO-013,A1,0,0.6667
taoism,TAO-013,A1,1,1.0000
taoism,TAO-013,A1,2,1.0000
taoism,TAO-013,A1,3,1.0000
taoism,TAO-014,A1,0,1.0000
taoism,TAO-014,A1,1,0.9167
taoism,TAO-014,A1,2,1.0000
taoism,TAO-014,A1,3,0.6667
taoism,TAO-015,A1,0,1.0000
taoism,TAO-015,A1,1,1.0000
taoism,TAO-015,A1,2,1.0000
taoism,TAO-015,A1,3,1.0000
taoism,TAO-016,A1,0,1.0000
taoism,TAO-016,A1,1,1.0000
taoism,TAO-016,A1,2,1.0000
taoism,TAO-016,A1,3,1.0000
taoism,TAO-017,A1,0,1.0000
taoism,TAO-017,A1,1,1.0000
taoism,TAO-017,A1,2,1.0000
taoism,TAO-017,A1,3,1.0000
taoism,TAO-018,A1,0,1.0000
taoism,TAO-018,A1,1,1.0000
taoism,TAO-018,A1,2,1.0000
taoism,TAO-018,A1,3,1.0000
taoism,TAO-019,A1,0,1.0000
taoism,TAO-019,A1,1,1.0000
taoism,TAO-019,A1,2,0.6667
taoism,TAO-019,A1,3,0.6667
taoism,TAO-020,A1,0,0.6667
taoism,TAO-020,A1,1,1.0000
taoism,TAO-020,A1,2,1.0000
taoism,TAO-020,A1,3,0.6667
taoism,TAO-021,A1,0,1.0000
taoism,TAO-021,A1,1,1.0000
taoism,TAO-021,A1,2,1.0000
taoism,TAO-021,A1,3,1.0000
taoism,TAO-022,A1,0,0.6667
taoism,TAO-022,A1,1,1.0000
taoism,TAO-022,A1,2,1.0000
taoism,TAO-022,A1,3,0.0000
taoism,TAO-023,A1,0,0.9167
taoism,TAO-023,A1,1,1.0000
taoism,TAO-023,A1,2,0.9167
taoism,TAO-023,A1,3,0.6667
taoism,TAO-024,A1,0,1.0000
taoism,TAO-024,A1,1,0.6667
taoism,TAO-024,A1,2,1.0000
taoism,TAO-024,A1,3,1.0000
taoism,TAO-025,A1,0,1.0000
taoism,TAO-025,A1,1,1.0000
taoism,TAO-025,A1,2,1.0000
taoism,TAO-025,A1,3,1.0000
taoism,TAO-026,A1,0,1.0000
taoism,TAO-026,A1,1,1.0000
taoism,TAO-026,A1,2,1.0000
taoism,TAO-026,A1,3,0.6667
taoism,TAO-027,A1,0,0.6667
taoism,TAO-027,A1,1,1.0000
taoism,TAO-027,A1,2,1.0000
taoism,TAO-027,A1,3,1.0000
taoism,TAO-028,A1,0,1.0000
taoism,TAO-028,A1,1,1.0000
taoism,TAO-028,A1,2,1.0000
taoism,TAO-028,A1,3,1.0000
taoism,TAO-029,A1,0,1.0000
taoism,TAO-029,A1,1,0.6667
taoism,TAO-029,A1,2,1.0000
taoism,TAO-029,A1,3,1.0000
taoism,TAO-030,A1,0,1.0000
taoism,TAO-030,A1,1,1.0000
taoism,TAO-030,A1,2,1.0000
taoism,TAO-030,A1,3,1.0000
taoism,TAO-031,A1,0,1.0000
taoism,TAO-031,A1,1,1.0000
taoism,TAO-031,A1,2,1.0000
taoism,TAO-031,A1,3,1.0000
taoism,TAO-032,A1,0,0.6667
taoism,TAO-032,A1,1,0.6667
taoism,TAO-032,A1,2,0.3333
taoism,TAO-032,A1,3,0.6667
taoism,TAO-033,A1,0,1.0000
taoism,TAO-033,A1,1,1.0000
taoism,TAO-033,A1,2,0.6667
taoism,TAO-033,A1,3,1.0000
taoism,TAO-034,A1,0,1.0000
taoism,TAO-034,A1,1,1.0000
taoism,TAO-034,A1,2,1.0000
taoism,TAO-034,A1,3,1.0000
taoism,TAO-035,A1,0,0.6667
taoism,TAO-035,A1,1,0.3333
taoism,TAO-035,A1,2,0.1667
taoism,TAO-035,A1,3,0.6667
taoism,TAO-036,A1,0,1.0000
taoism,TAO-036,A1,1,0.9167
taoism,TAO-036,A1,2,1.0000
taoism,TAO-036,A1,3,1.0000
taoism,TAO-037,A1,0,1.0000
taoism,TAO-037,A1,1,1.0000
taoism,TAO-037,A1,2,1.0000
taoism,TAO-037,A1,3,1.0000
taoism,TAO-038,A1,0,0.9167
taoism,TAO-038,A1,1,1.0000
taoism,TAO-038,A1,2,1.0000
taoism,TAO-038,A1,3,1.0000
taoism,TAO-039,A1,0,0.9167
taoism,TAO-039,A1,1,1.0000
taoism,TAO-039,A1,2,1.0000
taoism,TAO-039,A1,3,1.0000
taoism,TAO-040,A1,0,1.0000
taoism,TAO-040,A1,1,1.0000
taoism,TAO-040,A1,2,1.0000
taoism,TAO-040,A1,3,0.6667
taoism,TAO-041,A1,0,0.6667
taoism,TAO-041,A1,1,0.6667
taoism,TAO-041,A1,2,0.3333
taoism,TAO-041,A1,3,1.0000
taoism,TAO-042,A1,0,0.3333
taoism,TAO-042,A1,1,0.3333
taoism,TAO-042,A1,2,0.3333
taoism,TAO-042,A1,3,0.3333
taoism,TAO-043,A1,0,0.6667
taoism,TAO-043,A1,1,0.6667
taoism,TAO-043,A1,2,0.6667
taoism,TAO-043,A1,3,0.3333
taoism,TAO-044,A1,0,0.0000
taoism,TAO-044,A1,1,-0.3333
taoism,TAO-044,A1,2,-0.3333
taoism,TAO-044,A1,3,-0.6667
taoism,TAO-045,A1,0,0.6667
taoism,TAO-045,A1,1,0.6667
taoism,TAO-045,A1,2,0.6667
taoism,TAO-045,A1,3,0.6667
taoism,TAO-046,A1,0,0.5833
taoism,TAO-046,A1,1,0.5833
taoism,TAO-046,A1,2,0.5000
taoism,TAO-046,A1,3,0.2500
taoism,TAO-047,A1,0,1.0000
taoism,TAO-047,A1,1,1.0000
taoism,TAO-047,A1,2,1.0000
taoism,TAO-047,A1,3,1.0000
taoism,TAO-048,A1,0,-0.3333
taoism,TAO-048,A1,1,0.0000
taoism,TAO-048,A1,2,0.3333
taoism,TAO-048,A1,3,0.2500
buddhism,BUD-001,B,0,1.0000
buddhism,BUD-001,B,1,1.0000
buddhism,BUD-001,B,2,1.0000
buddhism,BUD-001,B,3,1.0000
buddhism,BUD-002,B,0,0.8333
buddhism,BUD-002,B,1,0.7500
buddhism,BUD-002,B,2,0.8333
buddhism,BUD-002,B,3,0.8333
buddhism,BUD-003,B,0,1.0000
buddhism,BUD-003,B,1,0.9167
buddhism,BUD-003,B,2,0.8333
buddhism,BUD-003,B,3,1.0000
buddhism,BUD-004,B,0,1.0000
buddhism,BUD-004,B,1,1.0000
buddhism,BUD-004,B,2,1.0000
buddhism,BUD-004,B,3,1.0000
buddhism,BUD-005,B,0,1.0000
buddhism,BUD-005,B,1,1.0000
buddhism,BUD-005,B,2,1.0000
buddhism,BUD-005,B,3,1.0000
buddhism,BUD-006,B,0,1.0000
buddhism,BUD-006,B,1,1.0000
buddhism,BUD-006,B,2,1.0000
buddhism,BUD-006,B,3,1.0000
buddhism,BUD-007,B,0,1.0000
buddhism,BUD-007,B,1,1.0000
buddhism,BUD-007,B,2,1.0000
buddhism,BUD-007,B,3,1.0000
buddhism,BUD-008,B,0,1.0000
buddhism,BUD-008,B,1,0.4167
buddhism,BUD-008,B,2,0.4167
buddhism,BUD-008,B,3,0.6667
buddhism,BUD-009,B,0,1.0000
buddhism,BUD-009,B,1,1.0000
buddhism,BUD-009,B,2,1.0000
buddhism,BUD-009,B,3,1.0000
buddhism,BUD-010,B,0,0.8333
buddhism,BUD-010,B,1,0.9167
buddhism,BUD-010,B,2,1.0000
buddhism,BUD-010,B,3,1.0000
buddhism,BUD-011,B,0,1.0000
buddhism,BUD-011,B,1,1.0000
buddhism,BUD-011,B,2,1.0000
buddhism,BUD-011,B,3,1.0000
buddhism,BUD-012,B,0,1.0000
buddhism,BUD-012,B,1,1.0000
buddhism,BUD-012,B,2,1.0000
buddhism,BUD-012,B,3,1.0000
buddhism,BUD-013,B,0,0.6667
buddhism,BUD-013,B,1,0.3333
buddhism,BUD-013,B,2,0.0000
buddhism,BUD-013,B,3,0.3333
buddhism,BUD-014,B,0,1.0000
buddhism,BUD-014,B,1,1.0000
buddhism,BUD-014,B,2,1.0000
buddhism,BUD-014,B,3,1.0000
buddhism,BUD-015,B,0,1.0000
buddhism,BUD-015,B,1,1.0000
buddhism,BUD-015,B,2,1.0000
buddhism,BUD-015,B,3,1.0000
buddhism,BUD-016,B,0,0.6667
buddhism,BUD-016,B,1,1.0000
buddhism,BUD-016,B,2,1.0000
buddhism,BUD-016,B,3,1.0000
buddhism,BUD-017,B,0,1.0000
buddhism,BUD-017,B,1,1.0000
buddhism,BUD-017,B,2,1.0000
buddhism,BUD-017,B,3,1.0000
buddhism,BUD-018,B,0,1.0000
buddhism,BUD-018,B,1,0.6667
buddhism,BUD-018,B,2,0.6667
buddhism,BUD-018,B,3,1.0000
buddhism,BUD-019,B,0,1.0000
buddhism,BUD-019,B,1,1.0000
buddhism,BUD-019,B,2,0.6667
buddhism,BUD-019,B,3,1.0000
buddhism,BUD-020,B,0,1.0000
buddhism,BUD-020,B,1,1.0000
buddhism,BUD-020,B,2,1.0000
buddhism,BUD-020,B,3,1.0000
buddhism,BUD-021,B,0,1.0000
buddhism,BUD-021,B,1,1.0000
buddhism,BUD-021,B,2,1.0000
buddhism,BUD-021,B,3,0.9167
buddhism,BUD-022,B,0,1.0000
buddhism,BUD-022,B,1,1.0000
buddhism,BUD-022,B,2,1.0000
buddhism,BUD-022,B,3,1.0000
buddhism,BUD-023,B,0,1.0000
buddhism,BUD-023,B,1,1.0000
buddhism,BUD-023,B,2,1.0000
buddhism,BUD-023,B,3,1.0000
buddhism,BUD-024,B,0,1.0000
buddhism,BUD-024,B,1,1.0000
buddhism,BUD-024,B,2,1.0000
buddhism,BUD-024,B,3,1.0000
buddhism,BUD-025,B,0,1.0000
buddhism,BUD-025,B,1,1.0000
buddhism,BUD-025,B,2,1.0000
buddhism,BUD-025,B,3,1.0000
buddhism,BUD-026,B,0,0.2500
buddhism,BUD-026,B,1,0.2500
buddhism,BUD-026,B,2,0.6667
buddhism,BUD-026,B,3,0.1667
buddhism,BUD-027,B,0,1.0000
buddhism,BUD-027,B,1,1.0000
buddhism,BUD-027,B,2,1.0000
buddhism,BUD-027,B,3,1.0000
buddhism,BUD-028,B,0,1.0000
buddhism,BUD-028,B,1,1.0000
buddhism,BUD-028,B,2,1.0000
buddhism,BUD-028,B,3,1.0000
buddhism,BUD-029,B,0,1.0000
buddhism,BUD-029,B,1,1.0000
buddhism,BUD-029,B,2,1.0000
buddhism,BUD-029,B,3,1.0000
buddhism,BUD-030,B,0,1.0000
buddhism,BUD-030,B,1,1.0000
buddhism,BUD-030,B,2,1.0000
buddhism,BUD-030,B,3,1.0000
buddhism,BUD-031,B,0,0.3333
buddhism,BUD-031,B,1,0.3333
buddhism,BUD-031,B,2,0.3333
buddhism,BUD-031,B,3,0.3333
buddhism,BUD-032,B,0,1.0000
buddhism,BUD-032,B,1,1.0000
buddhism,BUD-032,B,2,1.0000
buddhism,BUD-032,B,3,1.0000
buddhism,BUD-033,B,0,1.0000
buddhism,BUD-033,B,1,1.0000
buddhism,BUD-033,B,2,1.0000
buddhism,BUD-033,B,3,1.0000
buddhism,BUD-034,B,0,0.6667
buddhism,BUD-034,B,1,0.5833
buddhism,BUD-034,B,2,0.7500
buddhism,BUD-034,B,3,0.5000
buddhism,BUD-035,B,0,1.0000
buddhism,BUD-035,B,1,1.0000
buddhism,BUD-035,B,2,1.0000
buddhism,BUD-035,B,3,1.0000
buddhism,BUD-036,B,0,1.0000
buddhism,BUD-036,B,1,1.0000
buddhism,BUD-036,B,2,0.3333
buddhism,BUD-036,B,3,0.3333
buddhism,BUD-037,B,0,1.0000
buddhism,BUD-037,B,1,1.0000
buddhism,BUD-037,B,2,1.0000
buddhism,BUD-037,B,3,1.0000
buddhism,BUD-038,B,0,1.0000
buddhism,BUD-038,B,1,1.0000
buddhism,BUD-038,B,2,1.0000
buddhism,BUD-038,B,3,1.0000
buddhism,BUD-039,B,0,1.0000
buddhism,BUD-039,B,1,1.0000
buddhism,BUD-039,B,2,0.9167
buddhism,BUD-039,B,3,1.0000
buddhism,BUD-040,B,0,1.0000
buddhism,BUD-040,B,1,0.8333
buddhism,BUD-040,B,2,1.0000
buddhism,BUD-040,B,3,1.0000
buddhism,BUD-041,B,0,1.0000
buddhism,BUD-041,B,1,1.0000
buddhism,BUD-041,B,2,1.0000
buddhism,BUD-041,B,3,1.0000
buddhism,BUD-042,B,0,1.0000
buddhism,BUD-042,B,1,1.0000
buddhism,BUD-042,B,2,1.0000
buddhism,BUD-042,B,3,1.0000
buddhism,BUD-043,B,0,1.0000
buddhism,BUD-043,B,1,1.0000
buddhism,BUD-043,B,2,1.0000
buddhism,BUD-043,B,3,1.0000
buddhism,BUD-044,B,0,0.5000
buddhism,BUD-044,B,1,0.2500
buddhism,BUD-044,B,2,0.2500
buddhism,BUD-044,B,3,0.0000
buddhism,BUD-045,B,0,1.0000
buddhism,BUD-045,B,1,1.0000
buddhism,BUD-045,B,2,1.0000
buddhism,BUD-045,B,3,1.0000
buddhism,BUD-046,B,0,1.0000
buddhism,BUD-046,B,1,1.0000
buddhism,BUD-046,B,2,1.0000
buddhism,BUD-046,B,3,1.0000
buddhism,BUD-047,B,0,0.6667
buddhism,BUD-047,B,1,0.6667
buddhism,BUD-047,B,2,0.5000
buddhism,BUD-047,B,3,0.5000
buddhism,BUD-048,B,0,1.0000
buddhism,BUD-048,B,1,1.0000
buddhism,BUD-048,B,2,1.0000
buddhism,BUD-048,B,3,1.0000
buddhism,BUD-049,B,0,0.9167
buddhism,BUD-049,B,1,0.9167
buddhism,BUD-049,B,2,0.5833
buddhism,BUD-049,B,3,0.6667
buddhism,BUD-050,B,0,1.0000
buddhism,BUD-050,B,1,1.0000
buddhism,BUD-050,B,2,0.9167
buddhism,BUD-050,B,3,1.0000
buddhism,BUD-051,B,0,1.0000
buddhism,BUD-051,B,1,0.9167
buddhism,BUD-051,B,2,0.9167
buddhism,BUD-051,B,3,0.7500
buddhism,BUD-052,B,0,0.8333
buddhism,BUD-052,B,1,0.9167
buddhism,BUD-052,B,2,1.0000
buddhism,BUD-052,B,3,0.9167
eastern-christianity,BZ-001,B,0,1.0000
eastern-christianity,BZ-001,B,1,1.0000
eastern-christianity,BZ-001,B,2,1.0000
eastern-christianity,BZ-001,B,3,1.0000
eastern-christianity,BZ-002,B,0,1.0000
eastern-christianity,BZ-002,B,1,1.0000
eastern-christianity,BZ-002,B,2,1.0000
eastern-christianity,BZ-002,B,3,1.0000
eastern-christianity,BZ-003,B,0,1.0000
eastern-christianity,BZ-003,B,1,1.0000
eastern-christianity,BZ-003,B,2,1.0000
eastern-christianity,BZ-003,B,3,1.0000
eastern-christianity,BZ-004,B,0,1.0000
eastern-christianity,BZ-004,B,1,1.0000
eastern-christianity,BZ-004,B,2,1.0000
eastern-christianity,BZ-004,B,3,1.0000
eastern-christianity,BZ-005,B,0,-0.1667
eastern-christianity,BZ-005,B,1,0.9167
eastern-christianity,BZ-005,B,2,0.1667
eastern-christianity,BZ-005,B,3,1.0000
eastern-christianity,BZ-006,B,0,1.0000
eastern-christianity,BZ-006,B,1,1.0000
eastern-christianity,BZ-006,B,2,1.0000
eastern-christianity,BZ-006,B,3,1.0000
eastern-christianity,BZ-007,B,0,1.0000
eastern-christianity,BZ-007,B,1,1.0000
eastern-christianity,BZ-007,B,2,1.0000
eastern-christianity,BZ-007,B,3,1.0000
eastern-christianity,BZ-008,B,0,1.0000
eastern-christianity,BZ-008,B,1,1.0000
eastern-christianity,BZ-008,B,2,1.0000
eastern-christianity,BZ-008,B,3,1.0000
eastern-christianity,BZ-009,B,0,1.0000
eastern-christianity,BZ-009,B,1,1.0000
eastern-christianity,BZ-009,B,2,1.0000
eastern-christianity,BZ-009,B,3,1.0000
eastern-christianity,BZ-010,B,0,1.0000
eastern-christianity,BZ-010,B,1,1.0000
eastern-christianity,BZ-010,B,2,1.0000
eastern-christianity,BZ-010,B,3,1.0000
eastern-christianity,BZ-011,B,0,1.0000
eastern-christianity,BZ-011,B,1,1.0000
eastern-christianity,BZ-011,B,2,1.0000
eastern-christianity,BZ-011,B,3,1.0000
eastern-christianity,BZ-012,B,0,1.0000
eastern-christianity,BZ-012,B,1,1.0000
eastern-christianity,BZ-012,B,2,1.0000
eastern-christianity,BZ-012,B,3,1.0000
eastern-christianity,BZ-013,B,0,1.0000
eastern-christianity,BZ-013,B,1,1.0000
eastern-christianity,BZ-013,B,2,1.0000
eastern-christianity,BZ-013,B,3,1.0000
eastern-christianity,BZ-014,B,0,1.0000
eastern-christianity,BZ-014,B,1,1.0000
eastern-christianity,BZ-014,B,2,1.0000
eastern-christianity,BZ-014,B,3,1.0000
eastern-christianity,BZ-015,B,0,1.0000
eastern-christianity,BZ-015,B,1,1.0000
eastern-christianity,BZ-015,B,2,1.0000
eastern-christianity,BZ-015,B,3,1.0000
eastern-christianity,BZ-016,B,0,1.0000
eastern-christianity,BZ-016,B,1,1.0000
eastern-christianity,BZ-016,B,2,1.0000
eastern-christianity,BZ-016,B,3,1.0000
eastern-christianity,BZ-017,B,0,1.0000
eastern-christianity,BZ-017,B,1,1.0000
eastern-christianity,BZ-017,B,2,1.0000
eastern-christianity,BZ-017,B,3,1.0000
eastern-christianity,BZ-018,B,0,0.6667
eastern-christianity,BZ-018,B,1,1.0000
eastern-christianity,BZ-018,B,2,1.0000
eastern-christianity,BZ-018,B,3,1.0000
eastern-christianity,BZ-019,B,0,1.0000
eastern-christianity,BZ-019,B,1,1.0000
eastern-christianity,BZ-019,B,2,1.0000
eastern-christianity,BZ-019,B,3,1.0000
eastern-christianity,BZ-020,B,0,1.0000
eastern-christianity,BZ-020,B,1,1.0000
eastern-christianity,BZ-020,B,2,1.0000
eastern-christianity,BZ-020,B,3,1.0000
eastern-christianity,BZ-021,B,0,1.0000
eastern-christianity,BZ-021,B,1,1.0000
eastern-christianity,BZ-021,B,2,1.0000
eastern-christianity,BZ-021,B,3,1.0000
eastern-christianity,BZ-022,B,0,1.0000
eastern-christianity,BZ-022,B,1,1.0000
eastern-christianity,BZ-022,B,2,1.0000
eastern-christianity,BZ-022,B,3,1.0000
eastern-christianity,BZ-023,B,0,1.0000
eastern-christianity,BZ-023,B,1,1.0000
eastern-christianity,BZ-023,B,2,1.0000
eastern-christianity,BZ-023,B,3,1.0000
eastern-christianity,BZ-024,B,0,1.0000
eastern-christianity,BZ-024,B,1,1.0000
eastern-christianity,BZ-024,B,2,1.0000
eastern-christianity,BZ-024,B,3,1.0000
eastern-christianity,BZ-025,B,0,1.0000
eastern-christianity,BZ-025,B,1,1.0000
eastern-christianity,BZ-025,B,2,1.0000
eastern-christianity,BZ-025,B,3,1.0000
eastern-christianity,BZ-026,B,0,1.0000
eastern-christianity,BZ-026,B,1,1.0000
eastern-christianity,BZ-026,B,2,1.0000
eastern-christianity,BZ-026,B,3,1.0000
eastern-christianity,BZ-027,B,0,1.0000
eastern-christianity,BZ-027,B,1,1.0000
eastern-christianity,BZ-027,B,2,1.0000
eastern-christianity,BZ-027,B,3,1.0000
eastern-christianity,BZ-028,B,0,1.0000
eastern-christianity,BZ-028,B,1,1.0000
eastern-christianity,BZ-028,B,2,1.0000
eastern-christianity,BZ-028,B,3,1.0000
eastern-christianity,BZ-029,B,0,1.0000
eastern-christianity,BZ-029,B,1,1.0000
eastern-christianity,BZ-029,B,2,1.0000
eastern-christianity,BZ-029,B,3,1.0000
eastern-christianity,BZ-030,B,0,1.0000
eastern-christianity,BZ-030,B,1,1.0000
eastern-christianity,BZ-030,B,2,1.0000
eastern-christianity,BZ-030,B,3,1.0000
eastern-christianity,BZ-031,B,0,1.0000
eastern-christianity,BZ-031,B,1,1.0000
eastern-christianity,BZ-031,B,2,1.0000
eastern-christianity,BZ-031,B,3,1.0000
eastern-christianity,BZ-032,B,0,1.0000
eastern-christianity,BZ-032,B,1,1.0000
eastern-christianity,BZ-032,B,2,1.0000
eastern-christianity,BZ-032,B,3,1.0000
eastern-christianity,BZ-033,B,0,1.0000
eastern-christianity,BZ-033,B,1,1.0000
eastern-christianity,BZ-033,B,2,1.0000
eastern-christianity,BZ-033,B,3,1.0000
eastern-christianity,BZ-034,B,0,1.0000
eastern-christianity,BZ-034,B,1,1.0000
eastern-christianity,BZ-034,B,2,1.0000
eastern-christianity,BZ-034,B,3,1.0000
eastern-christianity,BZ-035,B,0,1.0000
eastern-christianity,BZ-035,B,1,1.0000
eastern-christianity,BZ-035,B,2,0.6667
eastern-christianity,BZ-035,B,3,1.0000
eastern-christianity,BZ-036,B,0,1.0000
eastern-christianity,BZ-036,B,1,1.0000
eastern-christianity,BZ-036,B,2,0.6667
eastern-christianity,BZ-036,B,3,1.0000
eastern-christianity,BZ-037,B,0,1.0000
eastern-christianity,BZ-037,B,1,1.0000
eastern-christianity,BZ-037,B,2,1.0000
eastern-christianity,BZ-037,B,3,1.0000
eastern-christianity,BZ-038,B,0,1.0000
eastern-christianity,BZ-038,B,1,1.0000
eastern-christianity,BZ-038,B,2,1.0000
eastern-christianity,BZ-038,B,3,1.0000
eastern-christianity,BZ-039,B,0,1.0000
eastern-christianity,BZ-039,B,1,1.0000
eastern-christianity,BZ-039,B,2,1.0000
eastern-christianity,BZ-039,B,3,1.0000
eastern-christianity,BZ-040,B,0,1.0000
eastern-christianity,BZ-040,B,1,0.6667
eastern-christianity,BZ-040,B,2,1.0000
eastern-christianity,BZ-040,B,3,1.0000
eastern-christianity,BZ-041,B,0,1.0000
eastern-christianity,BZ-041,B,1,0.6667
eastern-christianity,BZ-041,B,2,1.0000
eastern-christianity,BZ-041,B,3,1.0000
eastern-christianity,BZ-042,B,0,1.0000
eastern-christianity,BZ-042,B,1,1.0000
eastern-christianity,BZ-042,B,2,1.0000
eastern-christianity,BZ-042,B,3,1.0000
eastern-christianity,BZ-043,B,0,1.0000
eastern-christianity,BZ-043,B,1,1.0000
eastern-christianity,BZ-043,B,2,1.0000
eastern-christianity,BZ-043,B,3,1.0000
eastern-christianity,BZ-044,B,0,1.0000
eastern-christianity,BZ-044,B,1,1.0000
eastern-christianity,BZ-044,B,2,1.0000
eastern-christianity,BZ-044,B,3,1.0000
eastern-christianity,BZ-045,B,0,1.0000
eastern-christianity,BZ-045,B,1,1.0000
eastern-christianity,BZ-045,B,2,1.0000
eastern-christianity,BZ-045,B,3,1.0000
eastern-christianity,BZ-046,B,0,1.0000
eastern-christianity,BZ-046,B,1,1.0000
eastern-christianity,BZ-046,B,2,1.0000
eastern-christianity,BZ-046,B,3,1.0000
eastern-christianity,BZ-047,B,0,1.0000
eastern-christianity,BZ-047,B,1,1.0000
eastern-christianity,BZ-047,B,2,1.0000
eastern-christianity,BZ-047,B,3,1.0000
eastern-christianity,BZ-048,B,0,1.0000
eastern-christianity,BZ-048,B,1,1.0000
eastern-christianity,BZ-048,B,2,1.0000
eastern-christianity,BZ-048,B,3,1.0000
eastern-christianity,BZ-049,B,0,1.0000
eastern-christianity,BZ-049,B,1,1.0000
eastern-christianity,BZ-049,B,2,1.0000
eastern-christianity,BZ-049,B,3,1.0000
eastern-christianity,BZ-050,B,0,0.9167
eastern-christianity,BZ-050,B,1,1.0000
eastern-christianity,BZ-050,B,2,1.0000
eastern-christianity,BZ-050,B,3,0.9167
eastern-christianity,BZ-051,B,0,1.0000
eastern-christianity,BZ-051,B,1,1.0000
eastern-christianity,BZ-051,B,2,1.0000
eastern-christianity,BZ-051,B,3,1.0000
eastern-christianity,BZ-052,B,0,1.0000
eastern-christianity,BZ-052,B,1,1.0000
eastern-christianity,BZ-052,B,2,1.0000
eastern-christianity,BZ-052,B,3,1.0000
eastern-christianity,BZ-053,B,0,1.0000
eastern-christianity,BZ-053,B,1,1.0000
eastern-christianity,BZ-053,B,2,1.0000
eastern-christianity,BZ-053,B,3,1.0000
eastern-christianity,BZ-054,B,0,1.0000
eastern-christianity,BZ-054,B,1,1.0000
eastern-christianity,BZ-054,B,2,1.0000
eastern-christianity,BZ-054,B,3,1.0000
eastern-christianity,BZ-055,B,0,1.0000
eastern-christianity,BZ-055,B,1,1.0000
eastern-christianity,BZ-055,B,2,1.0000
eastern-christianity,BZ-055,B,3,1.0000
eastern-christianity,BZ-056,B,0,1.0000
eastern-christianity,BZ-056,B,1,1.0000
eastern-christianity,BZ-056,B,2,1.0000
eastern-christianity,BZ-056,B,3,1.0000
eastern-christianity,BZ-057,B,0,1.0000
eastern-christianity,BZ-057,B,1,1.0000
eastern-christianity,BZ-057,B,2,1.0000
eastern-christianity,BZ-057,B,3,1.0000
eastern-christianity,BZ-058,B,0,1.0000
eastern-christianity,BZ-058,B,1,1.0000
eastern-christianity,BZ-058,B,2,1.0000
eastern-christianity,BZ-058,B,3,1.0000
eastern-christianity,BZ-059,B,0,1.0000
eastern-christianity,BZ-059,B,1,1.0000
eastern-christianity,BZ-059,B,2,1.0000
eastern-christianity,BZ-059,B,3,1.0000
eastern-christianity,BZ-060,B,0,1.0000
eastern-christianity,BZ-060,B,1,1.0000
eastern-christianity,BZ-060,B,2,1.0000
eastern-christianity,BZ-060,B,3,1.0000
eastern-christianity,BZ-061,B,0,1.0000
eastern-christianity,BZ-061,B,1,1.0000
eastern-christianity,BZ-061,B,2,1.0000
eastern-christianity,BZ-061,B,3,1.0000
eastern-christianity,BZ-062,B,0,1.0000
eastern-christianity,BZ-062,B,1,1.0000
eastern-christianity,BZ-062,B,2,1.0000
eastern-christianity,BZ-062,B,3,1.0000
eastern-christianity,BZ-063,B,0,1.0000
eastern-christianity,BZ-063,B,1,1.0000
eastern-christianity,BZ-063,B,2,1.0000
eastern-christianity,BZ-063,B,3,1.0000
eastern-christianity,BZ-064,B,0,1.0000
eastern-christianity,BZ-064,B,1,1.0000
eastern-christianity,BZ-064,B,2,1.0000
eastern-christianity,BZ-064,B,3,1.0000
eastern-christianity,BZ-065,B,0,1.0000
eastern-christianity,BZ-065,B,1,1.0000
eastern-christianity,BZ-065,B,2,1.0000
eastern-christianity,BZ-065,B,3,1.0000
eastern-christianity,BZ-066,B,0,1.0000
eastern-christianity,BZ-066,B,1,1.0000
eastern-christianity,BZ-066,B,2,0.5833
eastern-christianity,BZ-066,B,3,0.6667
eastern-christianity,BZ-067,B,0,1.0000
eastern-christianity,BZ-067,B,1,1.0000
eastern-christianity,BZ-067,B,2,1.0000
eastern-christianity,BZ-067,B,3,1.0000
eastern-christianity,BZ-068,B,0,1.0000
eastern-christianity,BZ-068,B,1,1.0000
eastern-christianity,BZ-068,B,2,1.0000
eastern-christianity,BZ-068,B,3,1.0000
eastern-christianity,BZ-069,B,0,1.0000
eastern-christianity,BZ-069,B,1,1.0000
eastern-christianity,BZ-069,B,2,1.0000
eastern-christianity,BZ-069,B,3,1.0000
eastern-christianity,BZ-070,B,0,1.0000
eastern-christianity,BZ-070,B,1,1.0000
eastern-christianity,BZ-070,B,2,1.0000
eastern-christianity,BZ-070,B,3,1.0000
eastern-christianity,BZ-071,B,0,1.0000
eastern-christianity,BZ-071,B,1,1.0000
eastern-christianity,BZ-071,B,2,1.0000
eastern-christianity,BZ-071,B,3,1.0000
eastern-christianity,BZ-072,B,0,1.0000
eastern-christianity,BZ-072,B,1,1.0000
eastern-christianity,BZ-072,B,2,1.0000
eastern-christianity,BZ-072,B,3,1.0000
eastern-christianity,BZ-073,B,0,1.0000
eastern-christianity,BZ-073,B,1,1.0000
eastern-christianity,BZ-073,B,2,1.0000
eastern-christianity,BZ-073,B,3,1.0000
eastern-christianity,BZ-074,B,0,1.0000
eastern-christianity,BZ-074,B,1,1.0000
eastern-christianity,BZ-074,B,2,1.0000
eastern-christianity,BZ-074,B,3,1.0000
eastern-christianity,BZ-075,B,0,1.0000
eastern-christianity,BZ-075,B,1,1.0000
eastern-christianity,BZ-075,B,2,1.0000
eastern-christianity,BZ-075,B,3,1.0000
eastern-christianity,BZ-076,B,0,1.0000
eastern-christianity,BZ-076,B,1,1.0000
eastern-christianity,BZ-076,B,2,1.0000
eastern-christianity,BZ-076,B,3,1.0000
eastern-christianity,BZ-077,B,0,1.0000
eastern-christianity,BZ-077,B,1,1.0000
eastern-christianity,BZ-077,B,2,1.0000
eastern-christianity,BZ-077,B,3,1.0000
eastern-christianity,BZ-078,B,0,1.0000
eastern-christianity,BZ-078,B,1,1.0000
eastern-christianity,BZ-078,B,2,1.0000
eastern-christianity,BZ-078,B,3,1.0000
eastern-christianity,BZ-079,B,0,1.0000
eastern-christianity,BZ-079,B,1,1.0000
eastern-christianity,BZ-079,B,2,1.0000
eastern-christianity,BZ-079,B,3,1.0000
eastern-christianity,BZ-080,B,0,1.0000
eastern-christianity,BZ-080,B,1,1.0000
eastern-christianity,BZ-080,B,2,1.0000
eastern-christianity,BZ-080,B,3,1.0000
eastern-christianity,BZ-081,B,0,1.0000
eastern-christianity,BZ-081,B,1,0.9167
eastern-christianity,BZ-081,B,2,0.8333
eastern-christianity,BZ-081,B,3,1.0000
eastern-christianity,BZ-082,B,0,1.0000
eastern-christianity,BZ-082,B,1,1.0000
eastern-christianity,BZ-082,B,2,1.0000
eastern-christianity,BZ-082,B,3,1.0000
eastern-christianity,BZ-083,B,0,1.0000
eastern-christianity,BZ-083,B,1,1.0000
eastern-christianity,BZ-083,B,2,1.0000
eastern-christianity,BZ-083,B,3,1.0000
eastern-christianity,BZ-084,B,0,0.9167
eastern-christianity,BZ-084,B,1,1.0000
eastern-christianity,BZ-084,B,2,1.0000
eastern-christianity,BZ-084,B,3,1.0000
eastern-christianity,BZ-085,B,0,1.0000
eastern-christianity,BZ-085,B,1,1.0000
eastern-christianity,BZ-085,B,2,1.0000
eastern-christianity,BZ-085,B,3,0.9167
eastern-christianity,BZ-086,B,0,1.0000
eastern-christianity,BZ-086,B,1,1.0000
eastern-christianity,BZ-086,B,2,1.0000
eastern-christianity,BZ-086,B,3,1.0000
eastern-christianity,BZ-087,B,0,1.0000
eastern-christianity,BZ-087,B,1,1.0000
eastern-christianity,BZ-087,B,2,1.0000
eastern-christianity,BZ-087,B,3,1.0000
eastern-christianity,BZ-088,B,0,1.0000
eastern-christianity,BZ-088,B,1,1.0000
eastern-christianity,BZ-088,B,2,1.0000
eastern-christianity,BZ-088,B,3,1.0000
eastern-christianity,BZ-089,B,0,1.0000
eastern-christianity,BZ-089,B,1,1.0000
eastern-christianity,BZ-089,B,2,1.0000
eastern-christianity,BZ-089,B,3,1.0000
eastern-christianity,BZ-090,B,0,1.0000
eastern-christianity,BZ-090,B,1,0.6667
eastern-christianity,BZ-090,B,2,0.6667
eastern-christianity,BZ-090,B,3,0.6667
eastern-christianity,BZ-091,B,0,1.0000
eastern-christianity,BZ-091,B,1,1.0000
eastern-christianity,BZ-091,B,2,1.0000
eastern-christianity,BZ-091,B,3,1.0000
eastern-christianity,BZ-092,B,0,1.0000
eastern-christianity,BZ-092,B,1,1.0000
eastern-christianity,BZ-092,B,2,1.0000
eastern-christianity,BZ-092,B,3,1.0000
eastern-christianity,BZ-093,B,0,1.0000
eastern-christianity,BZ-093,B,1,1.0000
eastern-christianity,BZ-093,B,2,1.0000
eastern-christianity,BZ-093,B,3,1.0000
eastern-christianity,BZ-094,B,0,1.0000
eastern-christianity,BZ-094,B,1,1.0000
eastern-christianity,BZ-094,B,2,1.0000
eastern-christianity,BZ-094,B,3,1.0000
eastern-christianity,BZ-095,B,0,1.0000
eastern-christianity,BZ-095,B,1,1.0000
eastern-christianity,BZ-095,B,2,1.0000
eastern-christianity,BZ-095,B,3,1.0000
eastern-christianity,BZ-096,B,0,1.0000
eastern-christianity,BZ-096,B,1,1.0000
eastern-christianity,BZ-096,B,2,1.0000
eastern-christianity,BZ-096,B,3,1.0000
eastern-christianity,BZ-097,B,0,1.0000
eastern-christianity,BZ-097,B,1,1.0000
eastern-christianity,BZ-097,B,2,1.0000
eastern-christianity,BZ-097,B,3,1.0000
eastern-christianity,BZ-098,B,0,0.7500
eastern-christianity,BZ-098,B,1,0.6667
eastern-christianity,BZ-098,B,2,0.6667
eastern-christianity,BZ-098,B,3,0.8333
eastern-christianity,BZ-099,B,0,1.0000
eastern-christianity,BZ-099,B,1,1.0000
eastern-christianity,BZ-099,B,2,1.0000
eastern-christianity,BZ-099,B,3,1.0000
eastern-christianity,BZ-100,B,0,0.3333
eastern-christianity,BZ-100,B,1,0.6667
eastern-christianity,BZ-100,B,2,0.3333
eastern-christianity,BZ-100,B,3,0.5000
eastern-christianity,BZ-101,B,0,1.0000
eastern-christianity,BZ-101,B,1,1.0000
eastern-christianity,BZ-101,B,2,1.0000
eastern-christianity,BZ-101,B,3,1.0000
eastern-christianity,BZ-102,B,0,1.0000
eastern-christianity,BZ-102,B,1,1.0000
eastern-christianity,BZ-102,B,2,1.0000
eastern-christianity,BZ-102,B,3,1.0000
eastern-christianity,BZ-103,B,0,1.0000
eastern-christianity,BZ-103,B,1,1.0000
eastern-christianity,BZ-103,B,2,1.0000
eastern-christianity,BZ-103,B,3,1.0000
eastern-christianity,BZ-104,B,0,1.0000
eastern-christianity,BZ-104,B,1,1.0000
eastern-christianity,BZ-104,B,2,1.0000
eastern-christianity,BZ-104,B,3,1.0000
eastern-christianity,BZ-105,B,0,1.0000
eastern-christianity,BZ-105,B,1,1.0000
eastern-christianity,BZ-105,B,2,1.0000
eastern-christianity,BZ-105,B,3,1.0000
eastern-christianity,BZ-106,B,0,1.0000
eastern-christianity,BZ-106,B,1,1.0000
eastern-christianity,BZ-106,B,2,1.0000
eastern-christianity,BZ-106,B,3,1.0000
roman-catholicism,COR-001,B,0,1.0000
roman-catholicism,COR-001,B,1,1.0000
roman-catholicism,COR-001,B,2,1.0000
roman-catholicism,COR-001,B,3,1.0000
roman-catholicism,COR-002,B,0,0.9167
roman-catholicism,COR-002,B,1,0.3333
roman-catholicism,COR-002,B,2,0.4167
roman-catholicism,COR-002,B,3,0.6667
roman-catholicism,COR-003,B,0,1.0000
roman-catholicism,COR-003,B,1,1.0000
roman-catholicism,COR-003,B,2,1.0000
roman-catholicism,COR-003,B,3,1.0000
roman-catholicism,COR-004,B,0,1.0000
roman-catholicism,COR-004,B,1,1.0000
roman-catholicism,COR-004,B,2,1.0000
roman-catholicism,COR-004,B,3,1.0000
roman-catholicism,COR-005,B,0,0.9167
roman-catholicism,COR-005,B,1,1.0000
roman-catholicism,COR-005,B,2,1.0000
roman-catholicism,COR-005,B,3,0.9167
roman-catholicism,COR-006,B,0,1.0000
roman-catholicism,COR-006,B,1,1.0000
roman-catholicism,COR-006,B,2,1.0000
roman-catholicism,COR-006,B,3,1.0000
roman-catholicism,COR-007,B,0,0.6667
roman-catholicism,COR-007,B,1,0.6667
roman-catholicism,COR-007,B,2,0.3333
roman-catholicism,COR-007,B,3,0.6667
roman-catholicism,COR-008,B,0,1.0000
roman-catholicism,COR-008,B,1,1.0000
roman-catholicism,COR-008,B,2,1.0000
roman-catholicism,COR-008,B,3,1.0000
roman-catholicism,COR-009,B,0,0.6667
roman-catholicism,COR-009,B,1,0.9167
roman-catholicism,COR-009,B,2,0.9167
roman-catholicism,COR-009,B,3,0.6667
roman-catholicism,COR-010,B,0,0.6667
roman-catholicism,COR-010,B,1,0.8333
roman-catholicism,COR-010,B,2,0.5833
roman-catholicism,COR-010,B,3,0.3333
roman-catholicism,COR-011,B,0,1.0000
roman-catholicism,COR-011,B,1,1.0000
roman-catholicism,COR-011,B,2,1.0000
roman-catholicism,COR-011,B,3,1.0000
roman-catholicism,COR-012,B,0,1.0000
roman-catholicism,COR-012,B,1,1.0000
roman-catholicism,COR-012,B,2,1.0000
roman-catholicism,COR-012,B,3,1.0000
roman-catholicism,COR-013,B,0,1.0000
roman-catholicism,COR-013,B,1,1.0000
roman-catholicism,COR-013,B,2,0.6667
roman-catholicism,COR-013,B,3,0.7500
roman-catholicism,COR-014,B,0,1.0000
roman-catholicism,COR-014,B,1,1.0000
roman-catholicism,COR-014,B,2,1.0000
roman-catholicism,COR-014,B,3,0.7500
roman-catholicism,COR-015,B,0,0.5833
roman-catholicism,COR-015,B,1,0.4167
roman-catholicism,COR-015,B,2,0.6667
roman-catholicism,COR-015,B,3,0.0000
roman-catholicism,COR-016,B,0,1.0000
roman-catholicism,COR-016,B,1,0.9167
roman-catholicism,COR-016,B,2,1.0000
roman-catholicism,COR-016,B,3,0.9167
roman-catholicism,COR-017,B,0,1.0000
roman-catholicism,COR-017,B,1,0.8333
roman-catholicism,COR-017,B,2,0.9167
roman-catholicism,COR-017,B,3,1.0000
roman-catholicism,COR-018,B,0,1.0000
roman-catholicism,COR-018,B,1,1.0000
roman-catholicism,COR-018,B,2,1.0000
roman-catholicism,COR-018,B,3,1.0000
roman-catholicism,COR-019,B,0,1.0000
roman-catholicism,COR-019,B,1,1.0000
roman-catholicism,COR-019,B,2,1.0000
roman-catholicism,COR-019,B,3,1.0000
roman-catholicism,COR-020,B,0,0.6667
roman-catholicism,COR-020,B,1,0.5000
roman-catholicism,COR-020,B,2,0.5000
roman-catholicism,COR-020,B,3,0.7500
roman-catholicism,COR-021,B,0,1.0000
roman-catholicism,COR-021,B,1,1.0000
roman-catholicism,COR-021,B,2,0.8333
roman-catholicism,COR-021,B,3,1.0000
roman-catholicism,COR-022,B,0,0.3333
roman-catholicism,COR-022,B,1,0.4167
roman-catholicism,COR-022,B,2,-0.6667
roman-catholicism,COR-022,B,3,-0.6667
roman-catholicism,COR-023,B,0,1.0000
roman-catholicism,COR-023,B,1,0.6667
roman-catholicism,COR-023,B,2,0.2500
roman-catholicism,COR-023,B,3,0.6667
roman-catholicism,COR-024,B,0,1.0000
roman-catholicism,COR-024,B,1,1.0000
roman-catholicism,COR-024,B,2,1.0000
roman-catholicism,COR-024,B,3,1.0000
roman-catholicism,COR-025,B,0,0.6667
roman-catholicism,COR-025,B,1,0.3333
roman-catholicism,COR-025,B,2,0.6667
roman-catholicism,COR-025,B,3,0.5833
roman-catholicism,COR-026,B,0,1.0000
roman-catholicism,COR-026,B,1,0.9167
roman-catholicism,COR-026,B,2,1.0000
roman-catholicism,COR-026,B,3,1.0000
roman-catholicism,COR-027,B,0,0.8333
roman-catholicism,COR-027,B,1,0.6667
roman-catholicism,COR-027,B,2,-0.2500
roman-catholicism,COR-027,B,3,0.0000
roman-catholicism,COR-028,B,0,0.5000
roman-catholicism,COR-028,B,1,0.3333
roman-catholicism,COR-028,B,2,0.3333
roman-catholicism,COR-028,B,3,0.3333
roman-catholicism,COR-029,B,0,1.0000
roman-catholicism,COR-029,B,1,1.0000
roman-catholicism,COR-029,B,2,0.9167
roman-catholicism,COR-029,B,3,1.0000
roman-catholicism,COR-030,B,0,1.0000
roman-catholicism,COR-030,B,1,1.0000
roman-catholicism,COR-030,B,2,1.0000
roman-catholicism,COR-030,B,3,1.0000
roman-catholicism,COR-031,B,0,1.0000
roman-catholicism,COR-031,B,1,1.0000
roman-catholicism,COR-031,B,2,1.0000
roman-catholicism,COR-031,B,3,1.0000
roman-catholicism,COR-032,B,0,-0.6667
roman-catholicism,COR-032,B,1,-0.4167
roman-catholicism,COR-032,B,2,0.0833
roman-catholicism,COR-032,B,3,-0.1667
roman-catholicism,COR-033,B,0,1.0000
roman-catholicism,COR-033,B,1,1.0000
roman-catholicism,COR-033,B,2,1.0000
roman-catholicism,COR-033,B,3,1.0000
roman-catholicism,COR-034,B,0,1.0000
roman-catholicism,COR-034,B,1,1.0000
roman-catholicism,COR-034,B,2,1.0000
roman-catholicism,COR-034,B,3,1.0000
roman-catholicism,COR-035,B,0,1.0000
roman-catholicism,COR-035,B,1,0.9167
roman-catholicism,COR-035,B,2,0.5000
roman-catholicism,COR-035,B,3,0.6667
roman-catholicism,COR-036,B,0,-0.0833
roman-catholicism,COR-036,B,1,-0.5000
roman-catholicism,COR-036,B,2,-0.0833
roman-catholicism,COR-036,B,3,-0.3333
roman-catholicism,COR-037,B,0,1.0000
roman-catholicism,COR-037,B,1,1.0000
roman-catholicism,COR-037,B,2,1.0000
roman-catholicism,COR-037,B,3,1.0000
roman-catholicism,COR-038,B,0,1.0000
roman-catholicism,COR-038,B,1,1.0000
roman-catholicism,COR-038,B,2,1.0000
roman-catholicism,COR-038,B,3,1.0000
roman-catholicism,COR-039,B,0,1.0000
roman-catholicism,COR-039,B,1,1.0000
roman-catholicism,COR-039,B,2,1.0000
roman-catholicism,COR-039,B,3,1.0000
roman-catholicism,COR-040,B,0,1.0000
roman-catholicism,COR-040,B,1,1.0000
roman-catholicism,COR-040,B,2,1.0000
roman-catholicism,COR-040,B,3,1.0000
roman-catholicism,COR-041,B,0,0.9167
roman-catholicism,COR-041,B,1,0.7500
roman-catholicism,COR-041,B,2,0.7500
roman-catholicism,COR-041,B,3,0.3333
roman-catholicism,COR-042,B,0,0.5000
roman-catholicism,COR-042,B,1,0.8333
roman-catholicism,COR-042,B,2,0.9167
roman-catholicism,COR-042,B,3,0.7500
roman-catholicism,COR-043,B,0,1.0000
roman-catholicism,COR-043,B,1,1.0000
roman-catholicism,COR-043,B,2,1.0000
roman-catholicism,COR-043,B,3,1.0000
roman-catholicism,COR-044,B,0,1.0000
roman-catholicism,COR-044,B,1,1.0000
roman-catholicism,COR-044,B,2,1.0000
roman-catholicism,COR-044,B,3,1.0000
roman-catholicism,COR-045,B,0,1.0000
roman-catholicism,COR-045,B,1,1.0000
roman-catholicism,COR-045,B,2,1.0000
roman-catholicism,COR-045,B,3,1.0000
roman-catholicism,COR-046,B,0,0.6667
roman-catholicism,COR-046,B,1,0.6667
roman-catholicism,COR-046,B,2,0.6667
roman-catholicism,COR-046,B,3,1.0000
roman-catholicism,COR-047,B,0,0.8333
roman-catholicism,COR-047,B,1,0.9167
roman-catholicism,COR-047,B,2,0.8333
roman-catholicism,COR-047,B,3,1.0000
roman-catholicism,COR-048,B,0,1.0000
roman-catholicism,COR-048,B,1,0.7500
roman-catholicism,COR-048,B,2,0.9167
roman-catholicism,COR-048,B,3,0.7500
roman-catholicism,COR-049,B,0,0.6667
roman-catholicism,COR-049,B,1,0.7500
roman-catholicism,COR-049,B,2,0.8333
roman-catholicism,COR-049,B,3,0.9167
roman-catholicism,COR-050,B,0,1.0000
roman-catholicism,COR-050,B,1,0.7500
roman-catholicism,COR-050,B,2,0.6667
roman-catholicism,COR-050,B,3,1.0000
roman-catholicism,COR-051,B,0,1.0000
roman-catholicism,COR-051,B,1,1.0000
roman-catholicism,COR-051,B,2,1.0000
roman-catholicism,COR-051,B,3,1.0000
roman-catholicism,COR-052,B,0,1.0000
roman-catholicism,COR-052,B,1,1.0000
roman-catholicism,COR-052,B,2,1.0000
roman-catholicism,COR-052,B,3,1.0000
roman-catholicism,COR-053,B,0,1.0000
roman-catholicism,COR-053,B,1,0.5000
roman-catholicism,COR-053,B,2,0.5833
roman-catholicism,COR-053,B,3,1.0000
roman-catholicism,COR-054,B,0,1.0000
roman-catholicism,COR-054,B,1,1.0000
roman-catholicism,COR-054,B,2,1.0000
roman-catholicism,COR-054,B,3,1.0000
roman-catholicism,COR-055,B,0,0.4167
roman-catholicism,COR-055,B,1,1.0000
roman-catholicism,COR-055,B,2,0.3333
roman-catholicism,COR-055,B,3,1.0000
roman-catholicism,COR-056,B,0,0.8333
roman-catholicism,COR-056,B,1,0.6667
roman-catholicism,COR-056,B,2,0.9167
roman-catholicism,COR-056,B,3,0.8333
roman-catholicism,COR-057,B,0,1.0000
roman-catholicism,COR-057,B,1,1.0000
roman-catholicism,COR-057,B,2,1.0000
roman-catholicism,COR-057,B,3,1.0000
roman-catholicism,COR-058,B,0,1.0000
roman-catholicism,COR-058,B,1,0.9167
roman-catholicism,COR-058,B,2,1.0000
roman-catholicism,COR-058,B,3,1.0000
roman-catholicism,COR-059,B,0,0.7500
roman-catholicism,COR-059,B,1,0.9167
roman-catholicism,COR-059,B,2,0.7500
roman-catholicism,COR-059,B,3,0.6667
roman-catholicism,COR-060,B,0,1.0000
roman-catholicism,COR-060,B,1,1.0000
roman-catholicism,COR-060,B,2,1.0000
roman-catholicism,COR-060,B,3,0.9167
roman-catholicism,COR-061,B,0,1.0000
roman-catholicism,COR-061,B,1,1.0000
roman-catholicism,COR-061,B,2,1.0000
roman-catholicism,COR-061,B,3,1.0000
roman-catholicism,COR-062,B,0,0.2500
roman-catholicism,COR-062,B,1,0.1667
roman-catholicism,COR-062,B,2,-0.1667
roman-catholicism,COR-062,B,3,0.0000
roman-catholicism,COR-063,B,0,1.0000
roman-catholicism,COR-063,B,1,1.0000
roman-catholicism,COR-063,B,2,1.0000
roman-catholicism,COR-063,B,3,1.0000
roman-catholicism,COR-064,B,0,0.8333
roman-catholicism,COR-064,B,1,0.4167
roman-catholicism,COR-064,B,2,0.5833
roman-catholicism,COR-064,B,3,0.2500
roman-catholicism,COR-065,B,0,0.8333
roman-catholicism,COR-065,B,1,0.7500
roman-catholicism,COR-065,B,2,1.0000
roman-catholicism,COR-065,B,3,1.0000
roman-catholicism,COR-066,B,0,-0.0833
roman-catholicism,COR-066,B,1,0.4167
roman-catholicism,COR-066,B,2,0.4167
roman-catholicism,COR-066,B,3,0.4167
roman-catholicism,COR-067,B,0,1.0000
roman-catholicism,COR-067,B,1,1.0000
roman-catholicism,COR-067,B,2,1.0000
roman-catholicism,COR-067,B,3,1.0000
roman-catholicism,COR-068,B,0,0.5833
roman-catholicism,COR-068,B,1,1.0000
roman-catholicism,COR-068,B,2,1.0000
roman-catholicism,COR-068,B,3,0.9167
roman-catholicism,COR-069,B,0,1.0000
roman-catholicism,COR-069,B,1,1.0000
roman-catholicism,COR-069,B,2,1.0000
roman-catholicism,COR-069,B,3,1.0000
roman-catholicism,COR-070,B,0,1.0000
roman-catholicism,COR-070,B,1,1.0000
roman-catholicism,COR-070,B,2,1.0000
roman-catholicism,COR-070,B,3,1.0000
roman-catholicism,COR-071,B,0,0.6667
roman-catholicism,COR-071,B,1,0.3333
roman-catholicism,COR-071,B,2,0.6667
roman-catholicism,COR-071,B,3,0.3333
roman-catholicism,COR-072,B,0,0.1667
roman-catholicism,COR-072,B,1,0.6667
roman-catholicism,COR-072,B,2,0.3333
roman-catholicism,COR-072,B,3,0.5833
roman-catholicism,COR-073,B,0,1.0000
roman-catholicism,COR-073,B,1,1.0000
roman-catholicism,COR-073,B,2,1.0000
roman-catholicism,COR-073,B,3,0.9167
roman-catholicism,COR-074,B,0,1.0000
roman-catholicism,COR-074,B,1,1.0000
roman-catholicism,COR-074,B,2,1.0000
roman-catholicism,COR-074,B,3,1.0000
roman-catholicism,COR-075,B,0,0.3333
roman-catholicism,COR-075,B,1,0.0000
roman-catholicism,COR-075,B,2,0.0000
roman-catholicism,COR-075,B,3,0.0000
roman-catholicism,COR-076,B,0,1.0000
roman-catholicism,COR-076,B,1,1.0000
roman-catholicism,COR-076,B,2,1.0000
roman-catholicism,COR-076,B,3,1.0000
sunni-islam,JLS-001,B,0,1.0000
sunni-islam,JLS-001,B,1,1.0000
sunni-islam,JLS-001,B,2,1.0000
sunni-islam,JLS-001,B,3,1.0000
sunni-islam,JLS-002,B,0,1.0000
sunni-islam,JLS-002,B,1,0.5833
sunni-islam,JLS-002,B,2,1.0000
sunni-islam,JLS-002,B,3,1.0000
sunni-islam,JLS-003,B,0,1.0000
sunni-islam,JLS-003,B,1,1.0000
sunni-islam,JLS-003,B,2,1.0000
sunni-islam,JLS-003,B,3,1.0000
sunni-islam,JLS-004,B,0,0.9167
sunni-islam,JLS-004,B,1,1.0000
sunni-islam,JLS-004,B,2,1.0000
sunni-islam,JLS-004,B,3,1.0000
sunni-islam,JLS-005,B,0,0.3333
sunni-islam,JLS-005,B,1,0.6667
sunni-islam,JLS-005,B,2,0.5833
sunni-islam,JLS-005,B,3,0.5000
sunni-islam,JLS-006,B,0,0.4167
sunni-islam,JLS-006,B,1,-0.6667
sunni-islam,JLS-006,B,2,-0.9167
sunni-islam,JLS-006,B,3,-0.5000
sunni-islam,JLS-007,B,0,0.9167
sunni-islam,JLS-007,B,1,1.0000
sunni-islam,JLS-007,B,2,1.0000
sunni-islam,JLS-007,B,3,1.0000
sunni-islam,JLS-008,B,0,1.0000
sunni-islam,JLS-008,B,1,1.0000
sunni-islam,JLS-008,B,2,1.0000
sunni-islam,JLS-008,B,3,1.0000
sunni-islam,JLS-009,B,0,1.0000
sunni-islam,JLS-009,B,1,1.0000
sunni-islam,JLS-009,B,2,1.0000
sunni-islam,JLS-009,B,3,1.0000
sunni-islam,JLS-010,B,0,1.0000
sunni-islam,JLS-010,B,1,1.0000
sunni-islam,JLS-010,B,2,1.0000
sunni-islam,JLS-010,B,3,1.0000
sunni-islam,JLS-011,B,0,1.0000
sunni-islam,JLS-011,B,1,1.0000
sunni-islam,JLS-011,B,2,1.0000
sunni-islam,JLS-011,B,3,0.6667
sunni-islam,JLS-012,B,0,0.6667
sunni-islam,JLS-012,B,1,0.6667
sunni-islam,JLS-012,B,2,1.0000
sunni-islam,JLS-012,B,3,1.0000
sunni-islam,JLS-013,B,0,0.6667
sunni-islam,JLS-013,B,1,0.6667
sunni-islam,JLS-013,B,2,0.6667
sunni-islam,JLS-013,B,3,0.6667
sunni-islam,JLS-014,B,0,0.6667
sunni-islam,JLS-014,B,1,0.6667
sunni-islam,JLS-014,B,2,0.0000
sunni-islam,JLS-014,B,3,0.0000
sunni-islam,JLS-015,B,0,1.0000
sunni-islam,JLS-015,B,1,1.0000
sunni-islam,JLS-015,B,2,1.0000
sunni-islam,JLS-015,B,3,1.0000
sunni-islam,JLS-016,B,0,0.0000
sunni-islam,JLS-016,B,1,-0.7500
sunni-islam,JLS-016,B,2,-1.0000
sunni-islam,JLS-016,B,3,-1.0000
sunni-islam,JLS-017,B,0,1.0000
sunni-islam,JLS-017,B,1,0.6667
sunni-islam,JLS-017,B,2,0.6667
sunni-islam,JLS-017,B,3,0.6667
sunni-islam,JLS-018,B,0,0.6667
sunni-islam,JLS-018,B,1,1.0000
sunni-islam,JLS-018,B,2,0.6667
sunni-islam,JLS-018,B,3,0.6667
sunni-islam,JLS-019,B,0,1.0000
sunni-islam,JLS-019,B,1,1.0000
sunni-islam,JLS-019,B,2,0.6667
sunni-islam,JLS-019,B,3,1.0000
sunni-islam,JLS-020,B,0,1.0000
sunni-islam,JLS-020,B,1,1.0000
sunni-islam,JLS-020,B,2,1.0000
sunni-islam,JLS-020,B,3,0.9167
sunni-islam,JLS-021,B,0,1.0000
sunni-islam,JLS-021,B,1,1.0000
sunni-islam,JLS-021,B,2,1.0000
sunni-islam,JLS-021,B,3,1.0000
sunni-islam,JLS-022,B,0,1.0000
sunni-islam,JLS-022,B,1,1.0000
sunni-islam,JLS-022,B,2,1.0000
sunni-islam,JLS-022,B,3,1.0000
sunni-islam,JLS-023,B,0,1.0000
sunni-islam,JLS-023,B,1,1.0000
sunni-islam,JLS-023,B,2,1.0000
sunni-islam,JLS-023,B,3,0.8333
sunni-islam,JLS-024,B,0,0.3333
sunni-islam,JLS-024,B,1,1.0000
sunni-islam,JLS-024,B,2,0.0000
sunni-islam,JLS-024,B,3,0.6667
sunni-islam,JLS-025,B,0,1.0000
sunni-islam,JLS-025,B,1,1.0000
sunni-islam,JLS-025,B,2,1.0000
sunni-islam,JLS-025,B,3,1.0000
sunni-islam,JLS-026,B,0,1.0000
sunni-islam,JLS-026,B,1,0.3333
sunni-islam,JLS-026,B,2,0.5833
sunni-islam,JLS-026,B,3,0.0000
sunni-islam,JLS-027,B,0,1.0000
sunni-islam,JLS-027,B,1,1.0000
sunni-islam,JLS-027,B,2,1.0000
sunni-islam,JLS-027,B,3,1.0000
sunni-islam,JLS-028,B,0,1.0000
sunni-islam,JLS-028,B,1,1.0000
sunni-islam,JLS-028,B,2,1.0000
sunni-islam,JLS-028,B,3,1.0000
sunni-islam,JLS-029,B,0,1.0000
sunni-islam,JLS-029,B,1,1.0000
sunni-islam,JLS-029,B,2,1.0000
sunni-islam,JLS-029,B,3,1.0000
sunni-islam,JLS-030,B,0,1.0000
sunni-islam,JLS-030,B,1,1.0000
sunni-islam,JLS-030,B,2,0.9167
sunni-islam,JLS-030,B,3,1.0000
sunni-islam,JLS-031,B,0,1.0000
sunni-islam,JLS-031,B,1,1.0000
sunni-islam,JLS-031,B,2,1.0000
sunni-islam,JLS-031,B,3,1.0000
sunni-islam,JLS-032,B,0,1.0000
sunni-islam,JLS-032,B,1,1.0000
sunni-islam,JLS-032,B,2,1.0000
sunni-islam,JLS-032,B,3,1.0000
sunni-islam,JLS-033,B,0,1.0000
sunni-islam,JLS-033,B,1,1.0000
sunni-islam,JLS-033,B,2,1.0000
sunni-islam,JLS-033,B,3,1.0000
sunni-islam,JLS-034,B,0,0.9167
sunni-islam,JLS-034,B,1,0.9167
sunni-islam,JLS-034,B,2,0.6667
sunni-islam,JLS-034,B,3,0.6667
sunni-islam,JLS-035,B,0,1.0000
sunni-islam,JLS-035,B,1,1.0000
sunni-islam,JLS-035,B,2,1.0000
sunni-islam,JLS-035,B,3,0.9167
sunni-islam,JLS-036,B,0,0.6667
sunni-islam,JLS-036,B,1,1.0000
sunni-islam,JLS-036,B,2,1.0000
sunni-islam,JLS-036,B,3,1.0000
sunni-islam,JLS-037,B,0,1.0000
sunni-islam,JLS-037,B,1,0.6667
sunni-islam,JLS-037,B,2,0.6667
sunni-islam,JLS-037,B,3,1.0000
sunni-islam,JLS-038,B,0,-0.8333
sunni-islam,JLS-038,B,1,-0.1667
sunni-islam,JLS-038,B,2,-0.5000
sunni-islam,JLS-038,B,3,-0.5000
sunni-islam,JLS-039,B,0,1.0000
sunni-islam,JLS-039,B,1,1.0000
sunni-islam,JLS-039,B,2,0.6667
sunni-islam,JLS-039,B,3,0.6667
sunni-islam,JLS-040,B,0,0.3333
sunni-islam,JLS-040,B,1,-0.2500
sunni-islam,JLS-040,B,2,-0.3333
sunni-islam,JLS-040,B,3,-0.6667
sunni-islam,JLS-041,B,0,1.0000
sunni-islam,JLS-041,B,1,1.0000
sunni-islam,JLS-041,B,2,1.0000
sunni-islam,JLS-041,B,3,0.6667
sunni-islam,JLS-042,B,0,1.0000
sunni-islam,JLS-042,B,1,1.0000
sunni-islam,JLS-042,B,2,1.0000
sunni-islam,JLS-042,B,3,1.0000
sunni-islam,JLS-043,B,0,0.5833
sunni-islam,JLS-043,B,1,0.2500
sunni-islam,JLS-043,B,2,0.6667
sunni-islam,JLS-043,B,3,0.6667
sunni-islam,JLS-044,B,0,1.0000
sunni-islam,JLS-044,B,1,1.0000
sunni-islam,JLS-044,B,2,1.0000
sunni-islam,JLS-044,B,3,0.6667
sunni-islam,JLS-045,B,0,1.0000
sunni-islam,JLS-045,B,1,0.3333
sunni-islam,JLS-045,B,2,0.6667
sunni-islam,JLS-045,B,3,0.6667
sunni-islam,JLS-046,B,0,1.0000
sunni-islam,JLS-046,B,1,0.3333
sunni-islam,JLS-046,B,2,0.3333
sunni-islam,JLS-046,B,3,0.0000
sunni-islam,JLS-047,B,0,1.0000
sunni-islam,JLS-047,B,1,1.0000
sunni-islam,JLS-047,B,2,1.0000
sunni-islam,JLS-047,B,3,1.0000
sunni-islam,JLS-048,B,0,0.4167
sunni-islam,JLS-048,B,1,0.3333
sunni-islam,JLS-048,B,2,1.0000
sunni-islam,JLS-048,B,3,0.6667
sunni-islam,JLS-049,B,0,1.0000
sunni-islam,JLS-049,B,1,1.0000
sunni-islam,JLS-049,B,2,1.0000
sunni-islam,JLS-049,B,3,1.0000
sunni-islam,JLS-050,B,0,0.6667
sunni-islam,JLS-050,B,1,0.6667
sunni-islam,JLS-050,B,2,0.6667
sunni-islam,JLS-050,B,3,0.6667
sunni-islam,JLS-051,B,0,1.0000
sunni-islam,JLS-051,B,1,1.0000
sunni-islam,JLS-051,B,2,1.0000
sunni-islam,JLS-051,B,3,1.0000
sunni-islam,JLS-052,B,0,0.6667
sunni-islam,JLS-052,B,1,1.0000
sunni-islam,JLS-052,B,2,0.6667
sunni-islam,JLS-052,B,3,0.6667
sunni-islam,JLS-053,B,0,1.0000
sunni-islam,JLS-053,B,1,1.0000
sunni-islam,JLS-053,B,2,1.0000
sunni-islam,JLS-053,B,3,1.0000
sunni-islam,JLS-054,B,0,1.0000
sunni-islam,JLS-054,B,1,1.0000
sunni-islam,JLS-054,B,2,1.0000
sunni-islam,JLS-054,B,3,1.0000
sunni-islam,JLS-055,B,0,0.6667
sunni-islam,JLS-055,B,1,1.0000
sunni-islam,JLS-055,B,2,1.0000
sunni-islam,JLS-055,B,3,1.0000
sunni-islam,JLS-056,B,0,0.0000
sunni-islam,JLS-056,B,1,0.0833
sunni-islam,JLS-056,B,2,-0.3333
sunni-islam,JLS-056,B,3,0.0000
sunni-islam,JLS-057,B,0,1.0000
sunni-islam,JLS-057,B,1,1.0000
sunni-islam,JLS-057,B,2,0.5000
sunni-islam,JLS-057,B,3,0.4167
sunni-islam,JLS-058,B,0,1.0000
sunni-islam,JLS-058,B,1,0.7500
sunni-islam,JLS-058,B,2,1.0000
sunni-islam,JLS-058,B,3,0.6667
sunni-islam,JLS-059,B,0,0.0833
sunni-islam,JLS-059,B,1,0.0000
sunni-islam,JLS-059,B,2,0.0833
sunni-islam,JLS-059,B,3,0.0000
sunni-islam,JLS-060,B,0,1.0000
sunni-islam,JLS-060,B,1,0.9167
sunni-islam,JLS-060,B,2,1.0000
sunni-islam,JLS-060,B,3,0.9167
sunni-islam,JLS-061,B,0,-0.6667
sunni-islam,JLS-061,B,1,-1.0000
sunni-islam,JLS-061,B,2,-0.7500
sunni-islam,JLS-061,B,3,-1.0000
sunni-islam,JLS-062,B,0,0.3333
sunni-islam,JLS-062,B,1,0.3333
sunni-islam,JLS-062,B,2,0.6667
sunni-islam,JLS-062,B,3,0.6667
sunni-islam,JLS-063,B,0,1.0000
sunni-islam,JLS-063,B,1,1.0000
sunni-islam,JLS-063,B,2,0.6667
sunni-islam,JLS-063,B,3,1.0000
sunni-islam,JLS-064,B,0,1.0000
sunni-islam,JLS-064,B,1,0.6667
sunni-islam,JLS-064,B,2,-1.0000
sunni-islam,JLS-064,B,3,0.3333
sunni-islam,JLS-065,B,0,0.5833
sunni-islam,JLS-065,B,1,0.5000
sunni-islam,JLS-065,B,2,0.9167
sunni-islam,JLS-065,B,3,0.6667
sunni-islam,JLS-066,B,0,-0.2500
sunni-islam,JLS-066,B,1,0.0000
sunni-islam,JLS-066,B,2,-0.5000
sunni-islam,JLS-066,B,3,0.3333
sunni-islam,JLS-067,B,0,1.0000
sunni-islam,JLS-067,B,1,1.0000
sunni-islam,JLS-067,B,2,1.0000
sunni-islam,JLS-067,B,3,1.0000
sunni-islam,JLS-068,B,0,0.3333
sunni-islam,JLS-068,B,1,0.6667
sunni-islam,JLS-068,B,2,0.0000
sunni-islam,JLS-068,B,3,0.9167
sunni-islam,JLS-069,B,0,1.0000
sunni-islam,JLS-069,B,1,1.0000
sunni-islam,JLS-069,B,2,1.0000
sunni-islam,JLS-069,B,3,1.0000
sunni-islam,JLS-070,B,0,-0.6667
sunni-islam,JLS-070,B,1,-1.0000
sunni-islam,JLS-070,B,2,-0.4167
sunni-islam,JLS-070,B,3,-0.6667
sunni-islam,JLS-071,B,0,-0.6667
sunni-islam,JLS-071,B,1,-0.5833
sunni-islam,JLS-071,B,2,0.2500
sunni-islam,JLS-071,B,3,0.3333
sunni-islam,JLS-072,B,0,0.8333
sunni-islam,JLS-072,B,1,0.9167
sunni-islam,JLS-072,B,2,0.9167
sunni-islam,JLS-072,B,3,0.9167
sunni-islam,JLS-073,B,0,1.0000
sunni-islam,JLS-073,B,1,1.0000
sunni-islam,JLS-073,B,2,1.0000
sunni-islam,JLS-073,B,3,1.0000
sunni-islam,JLS-074,B,0,1.0000
sunni-islam,JLS-074,B,1,0.3333
sunni-islam,JLS-074,B,2,0.3333
sunni-islam,JLS-074,B,3,0.6667
sunni-islam,JLS-075,B,0,0.8333
sunni-islam,JLS-075,B,1,0.8333
sunni-islam,JLS-075,B,2,1.0000
sunni-islam,JLS-075,B,3,1.0000
sunni-islam,JLS-076,B,0,-0.3333
sunni-islam,JLS-076,B,1,-1.0000
sunni-islam,JLS-076,B,2,-1.0000
sunni-islam,JLS-076,B,3,-1.0000
sunni-islam,JLS-077,B,0,-0.3333
sunni-islam,JLS-077,B,1,0.3333
sunni-islam,JLS-077,B,2,0.2500
sunni-islam,JLS-077,B,3,0.1667
sunni-islam,JLS-078,B,0,1.0000
sunni-islam,JLS-078,B,1,1.0000
sunni-islam,JLS-078,B,2,1.0000
sunni-islam,JLS-078,B,3,1.0000
sunni-islam,JLS-079,B,0,-0.3333
sunni-islam,JLS-079,B,1,0.5833
sunni-islam,JLS-079,B,2,0.8333
sunni-islam,JLS-079,B,3,-1.0000
sunni-islam,JLS-080,B,0,0.6667
sunni-islam,JLS-080,B,1,0.6667
sunni-islam,JLS-080,B,2,1.0000
sunni-islam,JLS-080,B,3,1.0000
sunni-islam,JLS-081,B,0,1.0000
sunni-islam,JLS-081,B,1,1.0000
sunni-islam,JLS-081,B,2,0.9167
sunni-islam,JLS-081,B,3,1.0000
sunni-islam,JLS-082,B,0,0.4167
sunni-islam,JLS-082,B,1,0.7500
sunni-islam,JLS-082,B,2,0.0833
sunni-islam,JLS-082,B,3,-0.2500
sunni-islam,JLS-083,B,0,-1.0000
sunni-islam,JLS-083,B,1,-1.0000
sunni-islam,JLS-083,B,2,-1.0000
sunni-islam,JLS-083,B,3,-1.0000
sunni-islam,JLS-084,B,0,0.8333
sunni-islam,JLS-084,B,1,0.8333
sunni-islam,JLS-084,B,2,0.8333
sunni-islam,JLS-084,B,3,0.7500
sunni-islam,JLS-085,B,0,1.0000
sunni-islam,JLS-085,B,1,1.0000
sunni-islam,JLS-085,B,2,1.0000
sunni-islam,JLS-085,B,3,0.6667
sunni-islam,JLS-086,B,0,0.3333
sunni-islam,JLS-086,B,1,-0.3333
sunni-islam,JLS-086,B,2,-0.3333
sunni-islam,JLS-086,B,3,0.3333
sunni-islam,JLS-087,B,0,0.4167
sunni-islam,JLS-087,B,1,0.5000
sunni-islam,JLS-087,B,2,0.5000
sunni-islam,JLS-087,B,3,1.0000
sunni-islam,JLS-088,B,0,1.0000
sunni-islam,JLS-088,B,1,1.0000
sunni-islam,JLS-088,B,2,1.0000
sunni-islam,JLS-088,B,3,1.0000
sunni-islam,JLS-089,B,0,-0.5000
sunni-islam,JLS-089,B,1,-0.7500
sunni-islam,JLS-089,B,2,-0.6667
sunni-islam,JLS-089,B,3,-1.0000
sunni-islam,JLS-090,B,0,0.6667
sunni-islam,JLS-090,B,1,0.3333
sunni-islam,JLS-090,B,2,0.6667
sunni-islam,JLS-090,B,3,-0.3333
sunni-islam,JLS-091,B,0,0.6667
sunni-islam,JLS-091,B,1,0.2500
sunni-islam,JLS-091,B,2,0.3333
sunni-islam,JLS-091,B,3,0.5000
sunni-islam,JLS-092,B,0,0.6667
sunni-islam,JLS-092,B,1,1.0000
sunni-islam,JLS-092,B,2,0.6667
sunni-islam,JLS-092,B,3,1.0000
sunni-islam,JLS-093,B,0,1.0000
sunni-islam,JLS-093,B,1,1.0000
sunni-islam,JLS-093,B,2,1.0000
sunni-islam,JLS-093,B,3,1.0000
sunni-islam,JLS-094,B,0,-1.0000
sunni-islam,JLS-094,B,1,-1.0000
sunni-islam,JLS-094,B,2,-1.0000
sunni-islam,JLS-094,B,3,-1.0000
sunni-islam,JLS-095,B,0,1.0000
sunni-islam,JLS-095,B,1,1.0000
sunni-islam,JLS-095,B,2,1.0000
sunni-islam,JLS-095,B,3,1.0000
sunni-islam,JLS-096,B,0,-0.2500
sunni-islam,JLS-096,B,1,-0.0833
sunni-islam,JLS-096,B,2,-0.8333
sunni-islam,JLS-096,B,3,-0.2500
sunni-islam,JLS-097,B,0,1.0000
sunni-islam,JLS-097,B,1,1.0000
sunni-islam,JLS-097,B,2,1.0000
sunni-islam,JLS-097,B,3,1.0000
sunni-islam,JLS-098,B,0,1.0000
sunni-islam,JLS-098,B,1,1.0000
sunni-islam,JLS-098,B,2,1.0000
sunni-islam,JLS-098,B,3,1.0000
sunni-islam,JLS-099,B,0,0.5000
sunni-islam,JLS-099,B,1,0.5000
sunni-islam,JLS-099,B,2,0.3333
sunni-islam,JLS-099,B,3,0.7500
sunni-islam,JLS-100,B,0,1.0000
sunni-islam,JLS-100,B,1,0.8333
sunni-islam,JLS-100,B,2,0.8333
sunni-islam,JLS-100,B,3,0.9167
sunni-islam,JLS-101,B,0,1.0000
sunni-islam,JLS-101,B,1,1.0000
sunni-islam,JLS-101,B,2,1.0000
sunni-islam,JLS-101,B,3,1.0000
sunni-islam,JLS-102,B,0,1.0000
sunni-islam,JLS-102,B,1,1.0000
sunni-islam,JLS-102,B,2,1.0000
sunni-islam,JLS-102,B,3,1.0000
sunni-islam,JLS-103,B,0,1.0000
sunni-islam,JLS-103,B,1,1.0000
sunni-islam,JLS-103,B,2,1.0000
sunni-islam,JLS-103,B,3,1.0000
sunni-islam,JLS-104,B,0,1.0000
sunni-islam,JLS-104,B,1,1.0000
sunni-islam,JLS-104,B,2,1.0000
sunni-islam,JLS-104,B,3,1.0000
sunni-islam,JLS-105,B,0,1.0000
sunni-islam,JLS-105,B,1,1.0000
sunni-islam,JLS-105,B,2,1.0000
sunni-islam,JLS-105,B,3,1.0000
sunni-islam,JLS-106,B,0,1.0000
sunni-islam,JLS-106,B,1,0.0833
sunni-islam,JLS-106,B,2,0.3333
sunni-islam,JLS-106,B,3,0.3333
sunni-islam,JLS-107,B,0,1.0000
sunni-islam,JLS-107,B,1,1.0000
sunni-islam,JLS-107,B,2,1.0000
sunni-islam,JLS-107,B,3,1.0000
sunni-islam,JLS-108,B,0,1.0000
sunni-islam,JLS-108,B,1,1.0000
sunni-islam,JLS-108,B,2,1.0000
sunni-islam,JLS-108,B,3,1.0000
sunni-islam,JLS-109,B,0,0.4167
sunni-islam,JLS-109,B,1,0.6667
sunni-islam,JLS-109,B,2,-0.2500
sunni-islam,JLS-109,B,3,-0.2500
sunni-islam,JLS-110,B,0,1.0000
sunni-islam,JLS-110,B,1,1.0000
sunni-islam,JLS-110,B,2,1.0000
sunni-islam,JLS-110,B,3,1.0000
sunni-islam,JLS-111,B,0,1.0000
sunni-islam,JLS-111,B,1,1.0000
sunni-islam,JLS-111,B,2,1.0000
sunni-islam,JLS-111,B,3,1.0000
sunni-islam,JLS-112,B,0,1.0000
sunni-islam,JLS-112,B,1,1.0000
sunni-islam,JLS-112,B,2,1.0000
sunni-islam,JLS-112,B,3,1.0000
sunni-islam,JLS-113,B,0,1.0000
sunni-islam,JLS-113,B,1,1.0000
sunni-islam,JLS-113,B,2,1.0000
sunni-islam,JLS-113,B,3,1.0000
sunni-islam,JLS-114,B,0,1.0000
sunni-islam,JLS-114,B,1,1.0000
sunni-islam,JLS-114,B,2,1.0000
sunni-islam,JLS-114,B,3,0.6667
sunni-islam,JLS-115,B,0,1.0000
sunni-islam,JLS-115,B,1,1.0000
sunni-islam,JLS-115,B,2,1.0000
sunni-islam,JLS-115,B,3,1.0000
sunni-islam,JLS-116,B,0,0.3333
sunni-islam,JLS-116,B,1,0.6667
sunni-islam,JLS-116,B,2,0.6667
sunni-islam,JLS-116,B,3,0.6667
sunni-islam,JLS-117,B,0,-0.7500
sunni-islam,JLS-117,B,1,-1.0000
sunni-islam,JLS-117,B,2,-1.0000
sunni-islam,JLS-117,B,3,-0.6667
sunni-islam,JLS-118,B,0,0.6667
sunni-islam,JLS-118,B,1,1.0000
sunni-islam,JLS-118,B,2,0.6667
sunni-islam,JLS-118,B,3,0.6667
sunni-islam,JLS-119,B,0,0.6667
sunni-islam,JLS-119,B,1,1.0000
sunni-islam,JLS-119,B,2,0.9167
sunni-islam,JLS-119,B,3,1.0000
sunni-islam,JLS-120,B,0,0.3333
sunni-islam,JLS-120,B,1,0.4167
sunni-islam,JLS-120,B,2,0.5000
sunni-islam,JLS-120,B,3,-0.2500
sunni-islam,JLS-121,B,0,1.0000
sunni-islam,JLS-121,B,1,1.0000
sunni-islam,JLS-121,B,2,1.0000
sunni-islam,JLS-121,B,3,1.0000
sunni-islam,JLS-122,B,0,0.9167
sunni-islam,JLS-122,B,1,0.3333
sunni-islam,JLS-122,B,2,0.8333
sunni-islam,JLS-122,B,3,0.3333
sunni-islam,JLS-123,B,0,1.0000
sunni-islam,JLS-123,B,1,1.0000
sunni-islam,JLS-123,B,2,0.9167
sunni-islam,JLS-123,B,3,1.0000
sunni-islam,JLS-124,B,0,1.0000
sunni-islam,JLS-124,B,1,1.0000
sunni-islam,JLS-124,B,2,1.0000
sunni-islam,JLS-124,B,3,1.0000
sunni-islam,JLS-125,B,0,1.0000
sunni-islam,JLS-125,B,1,1.0000
sunni-islam,JLS-125,B,2,1.0000
sunni-islam,JLS-125,B,3,1.0000
sunni-islam,JLS-126,B,0,-0.3333
sunni-islam,JLS-126,B,1,0.0000
sunni-islam,JLS-126,B,2,-0.6667
sunni-islam,JLS-126,B,3,-0.3333
sunni-islam,JLS-127,B,0,1.0000
sunni-islam,JLS-127,B,1,0.5833
sunni-islam,JLS-127,B,2,0.5833
sunni-islam,JLS-127,B,3,0.6667
sunni-islam,JLS-128,B,0,0.0833
sunni-islam,JLS-128,B,1,-0.3333
sunni-islam,JLS-128,B,2,0.0000
sunni-islam,JLS-128,B,3,-0.3333
sunni-islam,JLS-129,B,0,1.0000
sunni-islam,JLS-129,B,1,1.0000
sunni-islam,JLS-129,B,2,1.0000
sunni-islam,JLS-129,B,3,1.0000
sunni-islam,JLS-130,B,0,0.6667
sunni-islam,JLS-130,B,1,0.6667
sunni-islam,JLS-130,B,2,1.0000
sunni-islam,JLS-130,B,3,1.0000
sunni-islam,JLS-131,B,0,1.0000
sunni-islam,JLS-131,B,1,1.0000
sunni-islam,JLS-131,B,2,1.0000
sunni-islam,JLS-131,B,3,1.0000
sunni-islam,JLS-132,B,0,0.3333
sunni-islam,JLS-132,B,1,0.3333
sunni-islam,JLS-132,B,2,0.3333
sunni-islam,JLS-132,B,3,0.0000
sunni-islam,JLS-133,B,0,0.0000
sunni-islam,JLS-133,B,1,0.3333
sunni-islam,JLS-133,B,2,-1.0000
sunni-islam,JLS-133,B,3,0.3333
sunni-islam,JLS-134,B,0,1.0000
sunni-islam,JLS-134,B,1,1.0000
sunni-islam,JLS-134,B,2,0.9167
sunni-islam,JLS-134,B,3,1.0000
sunni-islam,JLS-135,B,0,-0.2500
sunni-islam,JLS-135,B,1,0.0000
sunni-islam,JLS-135,B,2,0.1667
sunni-islam,JLS-135,B,3,0.0000
sunni-islam,JLS-136,B,0,-1.0000
sunni-islam,JLS-136,B,1,-1.0000
sunni-islam,JLS-136,B,2,-1.0000
sunni-islam,JLS-136,B,3,-1.0000
sunni-islam,JLS-137,B,0,-1.0000
sunni-islam,JLS-137,B,1,-1.0000
sunni-islam,JLS-137,B,2,-1.0000
sunni-islam,JLS-137,B,3,-1.0000
sunni-islam,JLS-138,B,0,1.0000
sunni-islam,JLS-138,B,1,1.0000
sunni-islam,JLS-138,B,2,1.0000
sunni-islam,JLS-138,B,3,1.0000
sunni-islam,JLS-139,B,0,1.0000
sunni-islam,JLS-139,B,1,1.0000
sunni-islam,JLS-139,B,2,1.0000
sunni-islam,JLS-139,B,3,1.0000
sunni-islam,JLS-140,B,0,1.0000
sunni-islam,JLS-140,B,1,1.0000
sunni-islam,JLS-140,B,2,1.0000
sunni-islam,JLS-140,B,3,1.0000
judaism,MSR-001,B,0,1.0000
judaism,MSR-001,B,1,1.0000
judaism,MSR-001,B,2,1.0000
judaism,MSR-001,B,3,1.0000
judaism,MSR-002,B,0,1.0000
judaism,MSR-002,B,1,1.0000
judaism,MSR-002,B,2,0.5833
judaism,MSR-002,B,3,0.6667
judaism,MSR-003,B,0,0.6667
judaism,MSR-003,B,1,0.6667
judaism,MSR-003,B,2,0.3333
judaism,MSR-003,B,3,0.2500
judaism,MSR-004,B,0,1.0000
judaism,MSR-004,B,1,1.0000
judaism,MSR-004,B,2,1.0000
judaism,MSR-004,B,3,1.0000
judaism,MSR-005,B,0,1.0000
judaism,MSR-005,B,1,1.0000
judaism,MSR-005,B,2,1.0000
judaism,MSR-005,B,3,0.9167
judaism,MSR-006,B,0,1.0000
judaism,MSR-006,B,1,1.0000
judaism,MSR-006,B,2,1.0000
judaism,MSR-006,B,3,1.0000
judaism,MSR-007,B,0,1.0000
judaism,MSR-007,B,1,0.4167
judaism,MSR-007,B,2,0.7500
judaism,MSR-007,B,3,0.1667
judaism,MSR-008,B,0,1.0000
judaism,MSR-008,B,1,1.0000
judaism,MSR-008,B,2,1.0000
judaism,MSR-008,B,3,1.0000
judaism,MSR-009,B,0,0.5833
judaism,MSR-009,B,1,0.7500
judaism,MSR-009,B,2,0.5833
judaism,MSR-009,B,3,0.5000
judaism,MSR-010,B,0,1.0000
judaism,MSR-010,B,1,0.9167
judaism,MSR-010,B,2,1.0000
judaism,MSR-010,B,3,1.0000
judaism,MSR-011,B,0,1.0000
judaism,MSR-011,B,1,1.0000
judaism,MSR-011,B,2,1.0000
judaism,MSR-011,B,3,1.0000
judaism,MSR-012,B,0,1.0000
judaism,MSR-012,B,1,1.0000
judaism,MSR-012,B,2,1.0000
judaism,MSR-012,B,3,1.0000
judaism,MSR-013,B,0,0.9167
judaism,MSR-013,B,1,0.6667
judaism,MSR-013,B,2,0.6667
judaism,MSR-013,B,3,0.9167
judaism,MSR-014,B,0,0.8333
judaism,MSR-014,B,1,0.5000
judaism,MSR-014,B,2,0.7500
judaism,MSR-014,B,3,0.5000
judaism,MSR-015,B,0,1.0000
judaism,MSR-015,B,1,1.0000
judaism,MSR-015,B,2,1.0000
judaism,MSR-015,B,3,1.0000
judaism,MSR-016,B,0,1.0000
judaism,MSR-016,B,1,1.0000
judaism,MSR-016,B,2,0.9167
judaism,MSR-016,B,3,0.9167
judaism,MSR-017,B,0,1.0000
judaism,MSR-017,B,1,1.0000
judaism,MSR-017,B,2,1.0000
judaism,MSR-017,B,3,0.6667
judaism,MSR-018,B,0,0.8333
judaism,MSR-018,B,1,0.8333
judaism,MSR-018,B,2,0.8333
judaism,MSR-018,B,3,0.7500
judaism,MSR-019,B,0,0.9167
judaism,MSR-019,B,1,0.6667
judaism,MSR-019,B,2,0.9167
judaism,MSR-019,B,3,0.6667
judaism,MSR-020,B,0,1.0000
judaism,MSR-020,B,1,1.0000
judaism,MSR-020,B,2,1.0000
judaism,MSR-020,B,3,1.0000
judaism,MSR-021,B,0,1.0000
judaism,MSR-021,B,1,1.0000
judaism,MSR-021,B,2,1.0000
judaism,MSR-021,B,3,1.0000
judaism,MSR-022,B,0,-0.7500
judaism,MSR-022,B,1,-0.5000
judaism,MSR-022,B,2,-0.7500
judaism,MSR-022,B,3,-0.8333
judaism,MSR-023,B,0,1.0000
judaism,MSR-023,B,1,1.0000
judaism,MSR-023,B,2,0.9167
judaism,MSR-023,B,3,0.6667
judaism,MSR-024,B,0,1.0000
judaism,MSR-024,B,1,1.0000
judaism,MSR-024,B,2,1.0000
judaism,MSR-024,B,3,1.0000
judaism,MSR-025,B,0,1.0000
judaism,MSR-025,B,1,1.0000
judaism,MSR-025,B,2,0.9167
judaism,MSR-025,B,3,0.9167
judaism,MSR-026,B,0,1.0000
judaism,MSR-026,B,1,1.0000
judaism,MSR-026,B,2,1.0000
judaism,MSR-026,B,3,1.0000
judaism,MSR-027,B,0,1.0000
judaism,MSR-027,B,1,1.0000
judaism,MSR-027,B,2,1.0000
judaism,MSR-027,B,3,1.0000
judaism,MSR-028,B,0,1.0000
judaism,MSR-028,B,1,1.0000
judaism,MSR-028,B,2,1.0000
judaism,MSR-028,B,3,1.0000
judaism,MSR-029,B,0,1.0000
judaism,MSR-029,B,1,1.0000
judaism,MSR-029,B,2,1.0000
judaism,MSR-029,B,3,1.0000
judaism,MSR-030,B,0,1.0000
judaism,MSR-030,B,1,1.0000
judaism,MSR-030,B,2,1.0000
judaism,MSR-030,B,3,1.0000
judaism,MSR-031,B,0,1.0000
judaism,MSR-031,B,1,1.0000
judaism,MSR-031,B,2,1.0000
judaism,MSR-031,B,3,1.0000
judaism,MSR-032,B,0,1.0000
judaism,MSR-032,B,1,1.0000
judaism,MSR-032,B,2,1.0000
judaism,MSR-032,B,3,1.0000
judaism,MSR-033,B,0,1.0000
judaism,MSR-033,B,1,1.0000
judaism,MSR-033,B,2,1.0000
judaism,MSR-033,B,3,1.0000
judaism,MSR-034,B,0,1.0000
judaism,MSR-034,B,1,1.0000
judaism,MSR-034,B,2,1.0000
judaism,MSR-034,B,3,1.0000
judaism,MSR-035,B,0,0.6667
judaism,MSR-035,B,1,0.0000
judaism,MSR-035,B,2,-0.0833
judaism,MSR-035,B,3,0.2500
judaism,MSR-036,B,0,0.3333
judaism,MSR-036,B,1,1.0000
judaism,MSR-036,B,2,0.9167
judaism,MSR-036,B,3,1.0000
judaism,MSR-037,B,0,1.0000
judaism,MSR-037,B,1,1.0000
judaism,MSR-037,B,2,1.0000
judaism,MSR-037,B,3,1.0000
judaism,MSR-038,B,0,1.0000
judaism,MSR-038,B,1,1.0000
judaism,MSR-038,B,2,1.0000
judaism,MSR-038,B,3,1.0000
judaism,MSR-039,B,0,1.0000
judaism,MSR-039,B,1,1.0000
judaism,MSR-039,B,2,0.6667
judaism,MSR-039,B,3,0.6667
judaism,MSR-040,B,0,1.0000
judaism,MSR-040,B,1,1.0000
judaism,MSR-040,B,2,1.0000
judaism,MSR-040,B,3,1.0000
judaism,MSR-041,B,0,1.0000
judaism,MSR-041,B,1,1.0000
judaism,MSR-041,B,2,1.0000
judaism,MSR-041,B,3,1.0000
judaism,MSR-042,B,0,1.0000
judaism,MSR-042,B,1,1.0000
judaism,MSR-042,B,2,1.0000
judaism,MSR-042,B,3,1.0000
judaism,MSR-043,B,0,0.6667
judaism,MSR-043,B,1,0.8333
judaism,MSR-043,B,2,0.7500
judaism,MSR-043,B,3,0.8333
judaism,MSR-044,B,0,1.0000
judaism,MSR-044,B,1,0.7500
judaism,MSR-044,B,2,0.5833
judaism,MSR-044,B,3,0.5833
judaism,MSR-045,B,0,0.9167
judaism,MSR-045,B,1,0.5000
judaism,MSR-045,B,2,0.5833
judaism,MSR-045,B,3,0.5000
judaism,MSR-046,B,0,0.7500
judaism,MSR-046,B,1,0.8333
judaism,MSR-046,B,2,1.0000
judaism,MSR-046,B,3,0.7500
judaism,MSR-047,B,0,1.0000
judaism,MSR-047,B,1,0.6667
judaism,MSR-047,B,2,0.5833
judaism,MSR-047,B,3,0.9167
judaism,MSR-048,B,0,1.0000
judaism,MSR-048,B,1,1.0000
judaism,MSR-048,B,2,1.0000
judaism,MSR-048,B,3,1.0000
secular-sage,SPH-001,B,0,0.9167
secular-sage,SPH-001,B,1,1.0000
secular-sage,SPH-001,B,2,1.0000
secular-sage,SPH-001,B,3,1.0000
secular-sage,SPH-002,B,0,1.0000
secular-sage,SPH-002,B,1,1.0000
secular-sage,SPH-002,B,2,1.0000
secular-sage,SPH-002,B,3,1.0000
secular-sage,SPH-003,B,0,-0.5833
secular-sage,SPH-003,B,1,0.2500
secular-sage,SPH-003,B,2,0.5000
secular-sage,SPH-003,B,3,0.3333
secular-sage,SPH-004,B,0,1.0000
secular-sage,SPH-004,B,1,1.0000
secular-sage,SPH-004,B,2,1.0000
secular-sage,SPH-004,B,3,1.0000
secular-sage,SPH-005,B,0,0.9167
secular-sage,SPH-005,B,1,0.9167
secular-sage,SPH-005,B,2,0.6667
secular-sage,SPH-005,B,3,0.6667
secular-sage,SPH-006,B,0,1.0000
secular-sage,SPH-006,B,1,0.9167
secular-sage,SPH-006,B,2,0.9167
secular-sage,SPH-006,B,3,1.0000
secular-sage,SPH-007,B,0,1.0000
secular-sage,SPH-007,B,1,0.9167
secular-sage,SPH-007,B,2,1.0000
secular-sage,SPH-007,B,3,1.0000
secular-sage,SPH-008,B,0,0.3333
secular-sage,SPH-008,B,1,1.0000
secular-sage,SPH-008,B,2,1.0000
secular-sage,SPH-008,B,3,1.0000
secular-sage,SPH-009,B,0,1.0000
secular-sage,SPH-009,B,1,1.0000
secular-sage,SPH-009,B,2,1.0000
secular-sage,SPH-009,B,3,1.0000
secular-sage,SPH-010,B,0,1.0000
secular-sage,SPH-010,B,1,1.0000
secular-sage,SPH-010,B,2,1.0000
secular-sage,SPH-010,B,3,1.0000
secular-sage,SPH-011,B,0,1.0000
secular-sage,SPH-011,B,1,1.0000
secular-sage,SPH-011,B,2,1.0000
secular-sage,SPH-011,B,3,1.0000
secular-sage,SPH-012,B,0,1.0000
secular-sage,SPH-012,B,1,1.0000
secular-sage,SPH-012,B,2,1.0000
secular-sage,SPH-012,B,3,1.0000
secular-sage,SPH-013,B,0,1.0000
secular-sage,SPH-013,B,1,0.9167
secular-sage,SPH-013,B,2,1.0000
secular-sage,SPH-013,B,3,0.9167
secular-sage,SPH-014,B,0,1.0000
secular-sage,SPH-014,B,1,1.0000
secular-sage,SPH-014,B,2,1.0000
secular-sage,SPH-014,B,3,1.0000
secular-sage,SPH-015,B,0,0.5000
secular-sage,SPH-015,B,1,1.0000
secular-sage,SPH-015,B,2,0.5000
secular-sage,SPH-015,B,3,0.5000
secular-sage,SPH-016,B,0,1.0000
secular-sage,SPH-016,B,1,1.0000
secular-sage,SPH-016,B,2,1.0000
secular-sage,SPH-016,B,3,1.0000
secular-sage,SPH-017,B,0,1.0000
secular-sage,SPH-017,B,1,0.9167
secular-sage,SPH-017,B,2,1.0000
secular-sage,SPH-017,B,3,0.9167
secular-sage,SPH-018,B,0,0.7500
secular-sage,SPH-018,B,1,1.0000
secular-sage,SPH-018,B,2,0.9167
secular-sage,SPH-018,B,3,0.7500
secular-sage,SPH-019,B,0,1.0000
secular-sage,SPH-019,B,1,1.0000
secular-sage,SPH-019,B,2,1.0000
secular-sage,SPH-019,B,3,1.0000
secular-sage,SPH-020,B,0,-0.5000
secular-sage,SPH-020,B,1,0.6667
secular-sage,SPH-020,B,2,0.3333
secular-sage,SPH-020,B,3,-0.1667
secular-sage,SPH-021,B,0,0.6667
secular-sage,SPH-021,B,1,1.0000
secular-sage,SPH-021,B,2,0.6667
secular-sage,SPH-021,B,3,0.5833
secular-sage,SPH-022,B,0,0.6667
secular-sage,SPH-022,B,1,0.6667
secular-sage,SPH-022,B,2,0.6667
secular-sage,SPH-022,B,3,1.0000
secular-sage,SPH-023,B,0,1.0000
secular-sage,SPH-023,B,1,0.9167
secular-sage,SPH-023,B,2,1.0000
secular-sage,SPH-023,B,3,1.0000
secular-sage,SPH-024,B,0,1.0000
secular-sage,SPH-024,B,1,1.0000
secular-sage,SPH-024,B,2,1.0000
secular-sage,SPH-024,B,3,1.0000
secular-sage,SPH-025,B,0,0.0000
secular-sage,SPH-025,B,1,0.0000
secular-sage,SPH-025,B,2,0.6667
secular-sage,SPH-025,B,3,0.6667
secular-sage,SPH-026,B,0,0.2500
secular-sage,SPH-026,B,1,0.5833
secular-sage,SPH-026,B,2,0.0833
secular-sage,SPH-026,B,3,0.4167
secular-sage,SPH-027,B,0,1.0000
secular-sage,SPH-027,B,1,1.0000
secular-sage,SPH-027,B,2,1.0000
secular-sage,SPH-027,B,3,1.0000
secular-sage,SPH-028,B,0,1.0000
secular-sage,SPH-028,B,1,1.0000
secular-sage,SPH-028,B,2,1.0000
secular-sage,SPH-028,B,3,1.0000
secular-sage,SPH-029,B,0,1.0000
secular-sage,SPH-029,B,1,1.0000
secular-sage,SPH-029,B,2,1.0000
secular-sage,SPH-029,B,3,1.0000
secular-sage,SPH-030,B,0,0.9167
secular-sage,SPH-030,B,1,0.7500
secular-sage,SPH-030,B,2,1.0000
secular-sage,SPH-030,B,3,0.8333
secular-sage,SPH-031,B,0,1.0000
secular-sage,SPH-031,B,1,0.7500
secular-sage,SPH-031,B,2,0.9167
secular-sage,SPH-031,B,3,0.9167
secular-sage,SPH-032,B,0,-0.1667
secular-sage,SPH-032,B,1,1.0000
secular-sage,SPH-032,B,2,0.8333
secular-sage,SPH-032,B,3,0.7500
secular-sage,SPH-033,B,0,1.0000
secular-sage,SPH-033,B,1,0.7500
secular-sage,SPH-033,B,2,1.0000
secular-sage,SPH-033,B,3,1.0000
secular-sage,SPH-034,B,0,1.0000
secular-sage,SPH-034,B,1,1.0000
secular-sage,SPH-034,B,2,1.0000
secular-sage,SPH-034,B,3,1.0000
secular-sage,SPH-035,B,0,0.0833
secular-sage,SPH-035,B,1,-0.0833
secular-sage,SPH-035,B,2,-0.1667
secular-sage,SPH-035,B,3,0.0833
secular-sage,SPH-036,B,0,1.0000
secular-sage,SPH-036,B,1,1.0000
secular-sage,SPH-036,B,2,1.0000
secular-sage,SPH-036,B,3,1.0000
secular-sage,SPH-037,B,0,1.0000
secular-sage,SPH-037,B,1,1.0000
secular-sage,SPH-037,B,2,1.0000
secular-sage,SPH-037,B,3,1.0000
secular-sage,SPH-038,B,0,1.0000
secular-sage,SPH-038,B,1,1.0000
secular-sage,SPH-038,B,2,1.0000
secular-sage,SPH-038,B,3,1.0000
secular-sage,SPH-039,B,0,1.0000
secular-sage,SPH-039,B,1,1.0000
secular-sage,SPH-039,B,2,1.0000
secular-sage,SPH-039,B,3,1.0000
secular-sage,SPH-040,B,0,1.0000
secular-sage,SPH-040,B,1,1.0000
secular-sage,SPH-040,B,2,1.0000
secular-sage,SPH-040,B,3,1.0000
secular-sage,SPH-041,B,0,0.9167
secular-sage,SPH-041,B,1,1.0000
secular-sage,SPH-041,B,2,0.9167
secular-sage,SPH-041,B,3,1.0000
secular-sage,SPH-042,B,0,1.0000
secular-sage,SPH-042,B,1,0.8333
secular-sage,SPH-042,B,2,1.0000
secular-sage,SPH-042,B,3,1.0000
secular-sage,SPH-043,B,0,1.0000
secular-sage,SPH-043,B,1,1.0000
secular-sage,SPH-043,B,2,1.0000
secular-sage,SPH-043,B,3,1.0000
secular-sage,SPH-044,B,0,-0.3333
secular-sage,SPH-044,B,1,-0.2500
secular-sage,SPH-044,B,2,-0.5000
secular-sage,SPH-044,B,3,-0.5000
secular-sage,SPH-045,B,0,0.8333
secular-sage,SPH-045,B,1,0.8333
secular-sage,SPH-045,B,2,0.9167
secular-sage,SPH-045,B,3,0.9167
secular-sage,SPH-046,B,0,1.0000
secular-sage,SPH-046,B,1,0.7500
secular-sage,SPH-046,B,2,0.6667
secular-sage,SPH-046,B,3,0.9167
secular-sage,SPH-047,B,0,0.6667
secular-sage,SPH-047,B,1,0.7500
secular-sage,SPH-047,B,2,0.7500
secular-sage,SPH-047,B,3,1.0000
secular-sage,SPH-048,B,0,1.0000
secular-sage,SPH-048,B,1,1.0000
secular-sage,SPH-048,B,2,1.0000
secular-sage,SPH-048,B,3,1.0000
secular-sage,SPH-049,B,0,1.0000
secular-sage,SPH-049,B,1,1.0000
secular-sage,SPH-049,B,2,1.0000
secular-sage,SPH-049,B,3,1.0000
taoism,TAO-001,B,0,0.5000
taoism,TAO-001,B,1,0.6667
taoism,TAO-001,B,2,0.6667
taoism,TAO-001,B,3,0.8333
taoism,TAO-002,B,0,1.0000
taoism,TAO-002,B,1,1.0000
taoism,TAO-002,B,2,0.9167
taoism,TAO-002,B,3,1.0000
taoism,TAO-003,B,0,1.0000
taoism,TAO-003,B,1,0.6667
taoism,TAO-003,B,2,0.6667
taoism,TAO-003,B,3,1.0000
taoism,TAO-004,B,0,1.0000
taoism,TAO-004,B,1,1.0000
taoism,TAO-004,B,2,1.0000
taoism,TAO-004,B,3,1.0000
taoism,TAO-005,B,0,1.0000
taoism,TAO-005,B,1,1.0000
taoism,TAO-005,B,2,1.0000
taoism,TAO-005,B,3,1.0000
taoism,TAO-006,B,0,1.0000
taoism,TAO-006,B,1,1.0000
taoism,TAO-006,B,2,1.0000
taoism,TAO-006,B,3,1.0000
taoism,TAO-007,B,0,1.0000
taoism,TAO-007,B,1,1.0000
taoism,TAO-007,B,2,0.9167
taoism,TAO-007,B,3,1.0000
taoism,TAO-008,B,0,0.6667
taoism,TAO-008,B,1,0.6667
taoism,TAO-008,B,2,0.6667
taoism,TAO-008,B,3,0.6667
taoism,TAO-009,B,0,1.0000
taoism,TAO-009,B,1,1.0000
taoism,TAO-009,B,2,1.0000
taoism,TAO-009,B,3,1.0000
taoism,TAO-010,B,0,0.6667
taoism,TAO-010,B,1,0.7500
taoism,TAO-010,B,2,0.9167
taoism,TAO-010,B,3,1.0000
taoism,TAO-011,B,0,1.0000
taoism,TAO-011,B,1,1.0000
taoism,TAO-011,B,2,1.0000
taoism,TAO-011,B,3,1.0000
taoism,TAO-012,B,0,1.0000
taoism,TAO-012,B,1,0.8333
taoism,TAO-012,B,2,1.0000
taoism,TAO-012,B,3,0.7500
taoism,TAO-013,B,0,1.0000
taoism,TAO-013,B,1,1.0000
taoism,TAO-013,B,2,1.0000
taoism,TAO-013,B,3,1.0000
taoism,TAO-014,B,0,0.9167
taoism,TAO-014,B,1,1.0000
taoism,TAO-014,B,2,1.0000
taoism,TAO-014,B,3,1.0000
taoism,TAO-015,B,0,1.0000
taoism,TAO-015,B,1,1.0000
taoism,TAO-015,B,2,1.0000
taoism,TAO-015,B,3,1.0000
taoism,TAO-016,B,0,1.0000
taoism,TAO-016,B,1,1.0000
taoism,TAO-016,B,2,1.0000
taoism,TAO-016,B,3,1.0000
taoism,TAO-017,B,0,1.0000
taoism,TAO-017,B,1,1.0000
taoism,TAO-017,B,2,1.0000
taoism,TAO-017,B,3,1.0000
taoism,TAO-018,B,0,1.0000
taoism,TAO-018,B,1,1.0000
taoism,TAO-018,B,2,1.0000
taoism,TAO-018,B,3,1.0000
taoism,TAO-019,B,0,1.0000
taoism,TAO-019,B,1,1.0000
taoism,TAO-019,B,2,1.0000
taoism,TAO-019,B,3,1.0000
taoism,TAO-020,B,0,1.0000
taoism,TAO-020,B,1,1.0000
taoism,TAO-020,B,2,1.0000
taoism,TAO-020,B,3,1.0000
taoism,TAO-021,B,0,1.0000
taoism,TAO-021,B,1,0.7500
taoism,TAO-021,B,2,1.0000
taoism,TAO-021,B,3,0.7500
taoism,TAO-022,B,0,1.0000
taoism,TAO-022,B,1,1.0000
taoism,TAO-022,B,2,1.0000
taoism,TAO-022,B,3,1.0000
taoism,TAO-023,B,0,0.7500
taoism,TAO-023,B,1,1.0000
taoism,TAO-023,B,2,0.5833
taoism,TAO-023,B,3,1.0000
taoism,TAO-024,B,0,1.0000
taoism,TAO-024,B,1,1.0000
taoism,TAO-024,B,2,1.0000
taoism,TAO-024,B,3,1.0000
taoism,TAO-025,B,0,0.9167
taoism,TAO-025,B,1,1.0000
taoism,TAO-025,B,2,1.0000
taoism,TAO-025,B,3,1.0000
taoism,TAO-026,B,0,1.0000
taoism,TAO-026,B,1,1.0000
taoism,TAO-026,B,2,1.0000
taoism,TAO-026,B,3,1.0000
taoism,TAO-027,B,0,1.0000
taoism,TAO-027,B,1,1.0000
taoism,TAO-027,B,2,1.0000
taoism,TAO-027,B,3,1.0000
taoism,TAO-028,B,0,1.0000
taoism,TAO-028,B,1,1.0000
taoism,TAO-028,B,2,1.0000
taoism,TAO-028,B,3,1.0000
taoism,TAO-029,B,0,1.0000
taoism,TAO-029,B,1,1.0000
taoism,TAO-029,B,2,1.0000
taoism,TAO-029,B,3,1.0000
taoism,TAO-030,B,0,1.0000
taoism,TAO-030,B,1,1.0000
taoism,TAO-030,B,2,1.0000
taoism,TAO-030,B,3,1.0000
taoism,TAO-031,B,0,1.0000
taoism,TAO-031,B,1,1.0000
taoism,TAO-031,B,2,1.0000
taoism,TAO-031,B,3,1.0000
taoism,TAO-032,B,0,0.9167
taoism,TAO-032,B,1,0.6667
taoism,TAO-032,B,2,0.6667
taoism,TAO-032,B,3,1.0000
taoism,TAO-033,B,0,1.0000
taoism,TAO-033,B,1,1.0000
taoism,TAO-033,B,2,1.0000
taoism,TAO-033,B,3,1.0000
taoism,TAO-034,B,0,1.0000
taoism,TAO-034,B,1,1.0000
taoism,TAO-034,B,2,1.0000
taoism,TAO-034,B,3,1.0000
taoism,TAO-035,B,0,1.0000
taoism,TAO-035,B,1,0.9167
taoism,TAO-035,B,2,0.9167
taoism,TAO-035,B,3,0.6667
taoism,TAO-036,B,0,0.8333
taoism,TAO-036,B,1,1.0000
taoism,TAO-036,B,2,1.0000
taoism,TAO-036,B,3,1.0000
taoism,TAO-037,B,0,0.9167
taoism,TAO-037,B,1,0.8333
taoism,TAO-037,B,2,0.9167
taoism,TAO-037,B,3,1.0000
taoism,TAO-038,B,0,0.9167
taoism,TAO-038,B,1,1.0000
taoism,TAO-038,B,2,1.0000
taoism,TAO-038,B,3,1.0000
taoism,TAO-039,B,0,1.0000
taoism,TAO-039,B,1,1.0000
taoism,TAO-039,B,2,1.0000
taoism,TAO-039,B,3,1.0000
taoism,TAO-040,B,0,1.0000
taoism,TAO-040,B,1,1.0000
taoism,TAO-040,B,2,1.0000
taoism,TAO-040,B,3,1.0000
taoism,TAO-041,B,0,1.0000
taoism,TAO-041,B,1,1.0000
taoism,TAO-041,B,2,1.0000
taoism,TAO-041,B,3,1.0000
taoism,TAO-042,B,0,0.6667
taoism,TAO-042,B,1,1.0000
taoism,TAO-042,B,2,0.6667
taoism,TAO-042,B,3,0.6667
taoism,TAO-043,B,0,0.6667
taoism,TAO-043,B,1,1.0000
taoism,TAO-043,B,2,1.0000
taoism,TAO-043,B,3,0.6667
taoism,TAO-044,B,0,0.0000
taoism,TAO-044,B,1,0.6667
taoism,TAO-044,B,2,0.3333
taoism,TAO-044,B,3,-0.1667
taoism,TAO-045,B,0,1.0000
taoism,TAO-045,B,1,1.0000
taoism,TAO-045,B,2,1.0000
taoism,TAO-045,B,3,1.0000
taoism,TAO-046,B,0,0.7500
taoism,TAO-046,B,1,0.8333
taoism,TAO-046,B,2,1.0000
taoism,TAO-046,B,3,0.7500
taoism,TAO-047,B,0,1.0000
taoism,TAO-047,B,1,1.0000
taoism,TAO-047,B,2,1.0000
taoism,TAO-047,B,3,1.0000
taoism,TAO-048,B,0,0.3333
taoism,TAO-048,B,1,-0.0833
taoism,TAO-048,B,2,0.2500
taoism,TAO-048,B,3,0.3333
